排序,标题,热度,链接
1.,扎根中国大地赓续中华文脉厚植学术根基,,/l?e=3933GIg7wfkLPSKGW1AHYj6yApkKpvxhrMoX%2FY9CatKxrPMHKOBETTWkzfkMT9uDQX9eJwEJNrWrSRASeuhHrfxmnq6k8hV242%2Fl8zNduC%2F%2F1WMY1CKUYWaCJIBLSt6c%2FJmtODv8TUyqg%2Fd%2BOEObBt%2BBm0uLCnv7Ezn04Lzlg%2FEPwj3E9J1xK%2Bbn3yr68L1LC5PfrGpXfuUPfb7pSX7z0%2BcyLkpo2lrtYy2OKj4c1rNyeMmGtj7%2FNYhUWRjDHSiG8O11qlPtDVrQv7T4hQ43o9rTKRoCGSWmc4qk2Vpj33wFm5p59h8tFOVNpqNFhQL2okfm4jsdNvCdAxVVrCLT1NQ6%2F4Zi0o%2BDfuhzHN20bpmrgN878nLEgSBjFTg5GxzQTIV4vqAeoYEK5OYmGPMFiqO5MRBiGvz26iffG1vUszm4ssB6UAxuLTRLLwFPnJSdtRTM9YP6NbtzCU2xfiXJhqVNFLSUDyjVEVANb16rqFMO
2.,外交部回应优衣库不用新疆棉,299.0万,/l?e=018bUuluGNnqvf1Z0z7GBkuYgLNR6MH73Es7WkCEy5gTSure9EgXhwCE%2BfV%2F9cdwM0J1LJULMn2nPgnWKuroLBrbkV9yx3V5wPpS4tU0nuzeD55fEMbZtH%2Bjy43JOsZ7TJWlr%2Ffjt%2BRuBDur32iPUpSzH09BNhMiCGKLu4KkdV3nqfKwB6PA0%2F4QytwirpoVWQscZqbrFmxFrw8HaaVLvJWueb%2BuMXynoqX%2FFastXJ7WD2F89CkU5%2B3Xs9Jsb2gcxpCcTn5mlkjv6vFbnf6QIREQty8vL1dru40O3lREokwDZLyMB2zQBWwQ6kxqyMeyucqqZ0cNJZQlOYvoguAOOHTWpRdIQvfVElfWmu3U7%2BdIsfesfqIH43zCKyR5WGfXl4RLs3Ez
3.,春晚官博回复檀健次春晚相关,晚会 888700,/l?e=a3f74%2BDQGdAZUH1AjK%2B0SOWn9LaQ2EsBRgIfVxGINjqu0LCurj1n6WteWl0LgcWQRTfZVhP9grNOnmgO%2BLuyZIyh7DteTfqCzcJFfBPbaDgPvC1EX%2FrIsShanOoOuVUqGdXrLtAzpxBGkXhlPX%2B1a0%2B7pKYT1vN6%2B1Jsm7Y7WQYBljacLE8xVi5r%2FaUMAyZ21i42PwCV1T8vFiJr6s0AEwTeoHxBNpW4IwZ8V8TdRhRAt%2BjujY1LzxFSq6fbUS3OCB%2BbYA8qeCLaWlWX9myg8sJEsCU2KJAhhDIuVAICF7DEaPoJpQ9GhzsW2ffOmClElbLIDndlEewbi1iR838xdV2%2BBtMvwSTi9RtIVowE8NLUejJapKGTGh0xZFnPffKDUirLGQKu
4.,43位志愿军烈士遗骸今日安葬,81.3万,/l?e=234eI6vwF9PUkqk9DCCuRRmkLMQkyZbGZ25rLnA%2FNplL6t%2FuCb4%2FMBOq6LV5IjYv300uZ9iw1x5h7SU4E8cH5LlPgOz4mAoipiWQgMg%2FWJYsIu46T3n13Ps9F7b9wrMcRSbVENfxjvRyCkTJEJ%2FkBhoxW%2Bw09Bpqho9hPQIb%2FRfcKJCvkFgJRAYrSe9ywGGeJ4pGyNuY6UOncYXKKN%2F5LNa0LnFkt17TAknYK5SL%2BwZtDgHsZSNQbudsNUFBhxoaTnyu%2FOi9tv3fU24SuHPm7IAFS4%2FQCJkyXw4cZneEoaOQHFkizy7aoAlcWOMzGXgLiPtJB6j%2BWHkC7aKDL1G1B74ntj%2B%2Bd2iMUnEkQSAtvyozNs3ZneK2BXo
5.,韩安冉称do脸模板是赵露思,76.2万,/l?e=4858jZyv0m1w%2Fy2KcOBP3X2HFYPczO5AAIPsFUgKWrqGDGb8zwp2vH5%2BrQHgo6tZLH23eifW5I2nfko10toUf11cY24v46rjGvDXp%2BW%2FW64aXqXfUVYARuvwBGPfSjsdsh5zy2FyrNSuX0FxfG6XcjPswGD29FmtkslEGwhz2vaUQVSymgeZenWD1SOXmShHUMkxS0SpRYI%2F5HZk5DaKFWyZTf%2FSivVkxQ6Ck5j6oUQ4JKx0x1OFx24iD3QKfA3oTXydQbeeZ53jD0Wqw3h%2FrCmypv4Aufhs%2FfSUroAWR34dvwj9kZ%2Fw1eEg3VD2t1%2Faf2x8ZtOug7eFqygL5dPyz6mSYNXV%2FBVht3A
6.,巴黎世家售出8天后要顾客补1147元,66.9万,/l?e=a6e6jkcqZrPMCmNekY7VqKBO81TYfWaBd1SB8dTAtBhaAgbWuXxYMJytAV4oBr0lGv5WUnDuV98J2hiQOvV60mo%2FHYjtpgEJphqROXBxMBVYU5hPwY9Vop7vRkLEis1HsJzQtrav9t5NfE6NUp%2FABETVxuw2urYzeJ7IEpxA4IqbPSff5FI4ktFXm%2FJyhuuBewxm4ajjQbVlYRV98euLqY%2BTxMbudRKHlvelhOj3kXcK1EAFNtQkOG%2FcS%2BhIiSm7fnHl9NJahNS8WKRdA3ajN2DRN5l8tIhYIcefZigvryvcdwVBihTQzEOXD0WeHZTtFqfBLsgEZAewIIIFLCULYT25r9VizQXlfwUp%2Fcb9EQ81A2BaGwyfxPvvycFFNmXA2UOM%2FP7oGrIWkcM
7.,印政府还在用被封杀4年的中国APP,41.4万,/l?e=4afcwA1E1JhPloSRNbFH4EiQadbH9mCM1hB4sv5WeHWnPEUD2BfwrGiHD%2FRSVq4eVpAVajfkyM%2BG2kvc1dtCpY%2FBGxu2P5LVYXuwKxxrKI3i3zM%2Fa7MBnWQsu9onMIGAUO2hjQtClWNSo6DpeOMf%2B1FOuCgGTz7f20%2FNH20iwxqJV6SuFYai7yQbT9MDDcaWn6f1LxXOJvYBR0aBK8BN%2BEVoIQsjLMIbHiwquWRk8UGqiEYWZaR4NkrH0wfqR8I9yz1xrnePIvdxF2NZJEu6h0QYGIjXxSoWZplF8Jeb5Qq7IzbNxL1tH8BviJMVREiAOcG6Qs737FTFcuXEs3wSPgVvTR7zeQaEECvDQvvDKn8LSelBc0qtvSdhU6R1gtzk1DQHSRyWUNn0YQ
8.,星动剪刀手养成日记,,/l?e=3c40jmdyEr62zNcV%2BQIGS39a9gniwZhzhmSRS%2F8mLpVAlDWadQrpVVuq%2FXnc%2BFgzv8LzhohhC2wtfTNlQDkeKrksuStUko8XUo1VxneeaTaKQcDccg3r%2Fh7Nfkje1Wlthm6RoJnpCQLP5Qu81FUzTPGcGY1X8C1WNfOg6CYy312bqgkRP2U00YVLnLTpzvyKGL4zc%2FnFEEoY3zjhoQxKv88GinquAzuzo8lZ5xIRtZDbI795rpIxztPhW7uYdF2dSaq%2BrAb4jR2eL5ATcbUW%2BFu%2FoCzTrUMhvAbEeltXbwTOYZUlCtfnpynj
9.,鹿晗回应喝多了,41.3万,/l?e=deef2VhKhzaEEpDVlZMdRH7H3Ev8%2Fuw%2BG2Il8lurg5inyINaDIM6T%2Fw8XpbqCDbrsXtMu54PhZDfqmGhjodHGg693wHW1d2OlG8TMYdhlM3jEkZ3Qgz8EjPw4wWEhaQFxQYp8IYMgkvcwf11vr4qUTDzctYWcbJT4LjBUGlRwhJNbP13UScyMcg8uvt6VkJ3bUX5lNf%2F9MdhkZk2cuxgTbczfGEW7mpVIoetALk0Sd5FI5duVmYsGdMkstaPk23tifzeVSda7exXl%2Bup
10.,蛇年春晚标识有什么寓意,综艺 411590,/l?e=3fda%2FjM5ADKFz9ZVZb0Z1djkpeuiUyUf%2BV6zctTGOtTjiZ5A7H9UII2C9alJgajsQLlU4L1Q357PRvTNHW8O%2FRkJ0g0RSRk1aUEOHVj5%2Bf00NPWmKx06eaJw3fSfyMnjenWa3DqW2tV6I%2F30KOspmZheO%2BYVbNGL8viqpAbPasukaaeqLz36YZcGrHPtnEVRUwciZtcuSwei3XMlfZX9KWSlpdAU%2FA2YyLm%2Br%2FzFj4UCktej88BDQTAeFbXjTJYaFaqUUvLfNwNXB7x9C%2F7r68JLDWkkcQyI%2BqEeQCumMCLJ1DSsfQvydnuSX6X%2FMnaBIXLMATNNone5GIO5ps9FFgV9V%2BZh6zK0
11.,A股三大指数11月收红,40.9万,/l?e=0ce1Mcd1Ts%2BVduBd8mqPiWH2mSzbUdtlrIs1eTHA%2FrSInV4conhDUfTcKw5RugBH0E5L667k1SkF%2Bnb%2Fu4wVZkPVgGyVlcS6t8g4ig2GpNybEI8CELw4FcYRp7vvJtH%2F3d%2FG6wdl82AgL2whxWympMKWoAklBEiXIwLg2hdWlu9Y8k%2BHW0lmRZZKICnfsWiAb9BNuRkyawTinnx14lfGlCw2wQO7IB9AHF1%2FssObJRFOuJN%2FyHHJ7X%2BOVM26dsDeT1wDP13YaYLbxkrgfr1QoicePjyq7RYvtJnd9CVf
12.,韩国人的精致穷,40.6万,/l?e=ed21bPPem3Oel3GegvUY2lEZrSpUmIOcz7aWqfpTV1wVkI0GwNZy8cHJErvRp4wifY27VLH9dphGRgNnKIAR7rekeyhEmJE%2BPvofmmQ7oo7JZbSGcmf0Mct9BR6F84Lav6CUqMoBzcvx8ntrrwCqepKOhR38ZKfj0tlWzdjW8l0i0fhjHl%2BO0pefpXSBFoarQEZAsBQVfI%2BUrlIB%2BDI144jkSPjujB6ybjHva25HOHnUhvkwuXPDp4xcdgXn4JdP%2F6ipWxxdAzw3xTMx
13.,17名男女KTV聚众吸毒被一锅端,39.7万,/l?e=0951RpafWDTdBqEJWvVKPedkaqUq1IHF%2FL4uYa%2BAeJhAObnHuZbDOhUVmHUIg7tXkwo6UffIjVIJuL14fcOVN%2FK8qD6sueoHwUWZS6iF8Ji%2Fz10%2FB22TO9%2FeTu3UY4hFdyFvM%2BHp%2FcLC2Txo%2F8RdM3yv6P%2BZhqktDk1jf%2FZlWTa3UgRwYko2W2fk6ZXDDVyN2CFzdsv3zZjDokFYfqV52JzlRoIaesn4juK3BNe%2Ba%2BbyGaUBzkmXKJwcgth5bhXhNgIealtukgmDoTEfFrXviJbwknV1FWWbBr5httmNEwj7Rb38HgpSrx738Mqv%2B%2BIWi8LA4%2BJAJ2u0751asTnUI%2BUPKvwYrYR8opr5DRM
14.,鹿晗好拽,37.6万,/l?e=18a2kN%2FN%2F1yRP63nYmdi%2B2V2TWxIcsIEq732qOQirw5U%2FmL8%2BVCZsCiK4a8eIvInJYqySwqti3Svp8Yf%2FKg%2BcBnrs2AbmRBTzblVgjiLiZP%2F3XAqJ6QKMKYiqTQMgqAXEIdjr99%2FM%2FZL%2FUCcOsjBwrg04Klr77CTGoaqu1Ds%2BUvo3QLHxF9Ej%2Fjhf4C5iTqpXCsUr3D70ULy1rPb8mV6
15.,再见爱人4第七期视频没了,综艺 334653,/l?e=8adbYKFSkLEu1u7up7pbpT%2BZWZz%2FiMvIBo0TcDcxyD7tGA1OEfHzwCcIcRmGMR9sZaL8wWxKkImmteLAbGUAn0gsU15g0if66OhnDEw5nxmMCFa4u%2FxM2BZ6MDh4S9h5dbsHjTQeuYq%2BapVxMA4irF1YqlLQ4rY18rTAKRxpGMKw9Sr%2B%2B%2Bgr5nbifQkjyYoRFaZ%2BpR%2Fginf6s8VmCyxejpXQ%2FwCvy3DwphXAmi9DDVwCbSaiErsE66GshA0Fv22qjwjIOUzkOMr6q3kHKt6QY812TEqq%2ByTrBtVvxb5oFgVSmMFf90UrELSfpbEyBV4WHVydASitUMTLfPOukEJePRXuzmEI1ZATPQ
16.,导致胃癌的6个高危因素,33.2万,/l?e=efa55ycbhPHOd6ohgMhxZbnFEdMb27fRVR1cR%2BFkoV8M4EDa%2BTtoTu4w4DWBF%2Fu45sI3lFFG5yJiGeCcDOYHONginL7tPUdmWqRLMKiBQItFE5vPtqsYlxdjw3mm9k1c7WeWZxMxfo%2BmgOXx83JJjYSL5TdYtDe%2FdyZT%2ByLX6vRXC2XLbPc8FzCkX%2FBhhmryZcGo2M5tHGNGgYko2iW9i1H03MqdwiAocoryfm26vBcWtuJTILN2V923Fa5n46WYssIyGpBp10%2BwsqLmu7WIE64LIaTR6okKw42pttYl5YuBJtE3vZ7IMsbVaQ014G0vDvBYGqAMzcL5Mw
17.,黄雅琼回应郑思维退出国际赛场,30.2万,/l?e=6409eq6QPmJYNTZkbUZTJsGsCVP%2Bx5TMmBoscOwv3wxyBZhm0cPdrgxvjsbVaNzKSdE3uHcOip4PjSx099%2FO6jNl0zeIvRw6m53j1m%2FYc5gG%2FeFo%2FLLogvFisv5xx5H%2BhIDHBXM51wL149D5k6Hzc3MdtF8FLF6GCc%2FiBVy%2B0mGm2u%2Bk9kyZiTd3%2Fo21Lbb0P1ANkXnq7uQK9NPGZIZy%2FhFU6D5QWj6MfTLFUcGKxJ6vkiwNR6jonL3eYsw4wCkqOdJOWuXRwyEKt1FB55%2Fym9AimXnzDFmKm9hjS8%2FY1QA4h1s8VsSiqQQ5h65oOkh94ojZ6v1KK886JeI87ntiGX9bpMjm%2BghQ%2BQuwEz81HttqHfLjG4rUbgbyEsIqWf%2FZ3RAPev6GbxBRND%2FoqXAjEd24BEJi
18.,美国女子抱婴儿袭警母女都被射杀,23.6万,/l?e=b7abIFc0SmzgNSIw4tnTtdcFLSTcJe5fli3lrdUwtHtbqlKpx2wZxULWHsJK0nFqREOO%2FqZySHSphK4c1cd%2ByyvmfEJd2LYT7ess4Xu%2F7yGuOgmTaNcVAUyUSPsYEVPfvjPsbFcniEtuqcchz1Td9EECsywVOgTkYH7jLpf%2BkG2JAAmDRWH3DTAtIIT5Nb4jGo8dOWCClmx4Ln1gEIXDlQ82GfP4pimxO8zMaHn%2FZhCGIcmYM9JBT8r5CcPPFh9AAFOs%2B%2BO%2FBfo77B6qeh0EB1e1fxFS3M9nEPeUy9%2Bj0irE3CfsM7D9as3QZDlZPsxCrXkuSK0KPrG17H7ARf8mHSdYjzoZOh%2Ff9pDWWd5ypXCWLBZoLgqkNW%2FxjNB6KpbWZ76VkNN5v5e0OOMS3%2BJkj3HJp18f8gPkUPK07ivGGIDiCky8
19.,官方公布冷藏车厢内8人窒息死亡详情,23.2万,/l?e=8b409tEeo4b6pB84%2F55zDsj4c1u5LhuIXBiy69PG0RzATRCxO8ycQM%2B5fw513XbCPsb40rfgAnvluxgK%2BEpTj%2B8x%2Bnm4u49VbkiUrACF4gJ8HHZXl8zWLAH8cAZHhQa2481ck61WM%2F%2FYpQiSg8qDsnSp3mN3PxJP4iyxsxF4ItjM9i%2FgFzP3T6mdLGAtSm%2FnJzPuXxNzY5PGOCDy5kTHbGz7o%2BGMmtaTvZXgUZdRynQk6tlrFL9KnYfs23L8RkCVW3q%2BNz%2FII%2BmeCnvFZquHgvsxgjSP2li84h7YAKwTfFMdhHz72vBjizBGbs2DEZ3xczDtK1U%2BTQcSIuiAEednC%2FsycknRiWCXHw2OztaR1Wd4j3PS7Lf8qKyyoNwYSmjnrXz1040YA6rBjbhQtOguOUyVCOvrQT1dc%2B7mNwKyD47z0puLXjnXyL7u90rUXOuNIOcsDg
20.,蛇年春晚看九命相柳,晚会 229738,/l?e=897117Z2YLbDFktnMHilHRNtG3%2FBYgUFWtw6uvf0uxeGQCVjQOccfiLnyAB%2BUojMQFrT6Bg4PS1NIKZwuig2q953JEMkXr%2B21creEqAXVxNbFtvfyLcaDWLHldfzF3e6o%2BRx0jOH40U8ObGZQt%2BNzzXckvPMMwMJ0sVFCf0MT0Mi2GKLaKC5d4fLY4vU4DUFnnaXC%2BKwLULnsdP3wbrWGoQtm557%2B%2FfjcFE6rsFXF5Bpv3FfB%2FD3bXnBNgcs4vJ49Mpdujwq5zKiP%2Fww6csLuI%2FlERhXS%2FG2b1v4bdlUHWnZNIc5RgZFC%2FTq
21.,张婧仪眉骨阴影,22.3万,/l?e=52a8FmD5AS%2BqvSQhepwUiCFfErsnoNLrOj1Ck0Fffu6ol6RFzKD0LZZwj1LGPJ4Ir10f8FLj9ExuaKrkUmofPNQqKHpQNETeGEOOKlJpznWXVC%2F%2F%2FaPOLgm8%2BjDCEDOOv8pAopSSzEpvZlm9jwDZWFMmToJ9qEwMFfYeIFnF9obRkJRsDpyveAyvlEkSLQS4fITo8EbdJabr325QdJ4yX1uEDqsNqXZ6xSZ%2FBwbiEbgAFSqV7xxIlbQ9hXsnbMc9V71aXGNMpcgyh5sn
22.,打游戏一直稳是什么体验,22.1万,/l?e=a6f21tRC%2Bz9KUwyuXvFlA9fQcZdxrkuZZ47wOdC1BxiA%2B4ODpmT49dyROb5YZq7J7GLm3Xggt%2BjVA3EwQUNMP8pV%2FGO8OWHo7S55wzBsUaP238R9ODBl1XxmIgGjL%2FMPLZ4zFBA3oKCGVkPM0oLOAcV3tKragxbc49AVjFx7VoHRMbsW3pccOLFAnxtlOiiFfI2YnR9VswGTwo%2BxdithU9cgVGpKhkWbOckORnf4VLz5zgTAbp87PxWa%2FjsmC9oPCiTq4curHAU1QhyxIH8WgUQ1%2FHaDCRYV1KAhVjZbNuem%2BvZXet8vLnY02P91vQcEAaBmtEqfjnWnPe3oZA6gxXxEuzvCRFV5
23.,中国游客在马尔代夫潜水遭鲨鱼咬头,21.5万,/l?e=42ae91nDTQSHGN0bESdhu4QnLmO%2FEATAwFV%2Bf69kZgqVP%2BLKr0sm%2B4ww4cFmuVR9EtZuoRBFYubB5sD7gYHB0tSqVQKMpZxnAer8sQKSqSL734HklYlQUJdcxrZHLyddP1a6nCBTJQVbbS5UzTmSliS%2FogXrD18PqesIeDfpFLDk3XIXPH6CdufTJbblbzj%2FalN%2BrSFmpgSjmKdTmYe0gh6G%2Fy%2Fu0YEQC7stWcZ7RRPwvchfn%2BHOgATTvfnw9xavfwpXNFclWky5ajtIISuNdJNWOvdkVcAezUDLLYOmlzv1AVlPX88tK7pFxM%2Bgcldof7kBn81PvRwJEirV6QBvr44XSnW3dwkwSvCgVj%2BUEMRiFOi88UnEtLvRefu%2BNpHCv3PsY4oLl0NEVB2PIooa%2BqycYi1458bigCSmUVVwwwFL%2BDMo7qWIp5uTia1M3beJsK99
24.,周密把周芯竹买话筒的钱转给她了,20.9万,/l?e=eba1ZZnKiSiBFASiXp4hq3jR613qEjb7dsYIrRzYXk4X9i8g4ti2xgzVtG%2Fge%2BpXUaXwYcIio5R0RtYwllblGzvSJJ3%2BpqPrGPo5iezdQETuK%2BUzaj0gN6SqVmxtkhN7Ap1%2BX0kVgUgkjqXjo4fcrNeTyO67%2BSNiYHJih3iZ%2F%2Fwhq6kkDOHldxtDwbe%2BMU4YQTg3G5n0EcPkyz9d9sDo1vZc5ocuI1P4cS7g3XzPinbil6wMsKOQQzT%2Bt6bsxFsGPowj0XEutYl1dgyN1DmuE7bMfsWCPyGGMDxlZV4OUp8xMHKqKS4Uu0tW92SyBCPVyO0ZDL2leDU%2BSxXoiy%2FDpb6PVizsMCdBrSHK%2B0n1VMWhdW2SVyZTnsFziu0gKjmkhAR9pfeuHIT6czfosaLRh3JNWhrxcO9Joe2Tpnj6nd2UzpXM
25.,冯绍峰接想想放学回家,20.8万,/l?e=f3c06Vw%2FdWEkVo6byHwpi9xR%2BGtiTv2Y9FSh20hUROF43kAH2ZMSa6e4BpJxkapSr7U7PJzi1krRXY3maKeyOSsZ1W172Lz1Clg5B4FlXvDY3DcuKcdGnN%2BAn7ryXrTku%2Be%2FdYU%2B7Elk0eKD68%2BVhpcyKSQNAvMHFgzmlMgA%2Bf9Vtexv63ao3zN4zD7e%2FI2Pn7Ag49cheQljx%2Bu%2FHI4CjWZyWGAqZLl1mMztfjVNYEYukDBSvgi721V2N78d%2B4hnPvXWizb%2Fxci7WGEUpcYzSzNf%2BVgyzpjIAhewW4LkLZJqkK8oAa%2FQXiBzw8RajsdpEwphn%2FCbAUfa
26.,林一长沙活动取消,20.1万,/l?e=5a2aLJex8yBNPCiOYhcfEkh7XH42FzXQYpPcHhK83yVIbmXzPWCbtuoEQKmpkixuik4DAjfmctvi7CRaJEIiYkwG4GgGg79oJ8NLQn73SmAYeHXUTqHpzhLrgbSGDjYrnngjK6ra0qAVRuX%2BGSMNwq3%2FKx95k%2B9f%2B2cuMHBvJO5kocGSg3KjDKp1uMDfgKCwqOiG1RYbNUBDpUZTrHLB5AyOlC3XDdsTaDH4asREjbmlt4xR0bY2HdFsdQC0YMcgnv3gjXHM3tjTpWj35HfSRCqaRpZmsv%2FlLnJI
27.,郑思维回复樊振东祝你我都一樊风顺,19.6万,/l?e=bc9bQnM6Yy8uNKCl2wHYNLQknapZ6OLYJXHZFDxcPVeA3FuoUUiZAq9Ot%2ByeXxNmQqsUjpgmm9C%2FQUx0YQMEyaJWN5droqsWLySbk0b25D0XAT8gtFCFU6EacU8s8VQz8UZsR2ni1ri%2BGE%2FcFgXRa9BhFKccBhoKHx0gL7hBLQT0pnO2ArduMjy%2FyOZq4cyu2tNRUV%2B1IcqU%2B0As%2B5UBMQJpIPgT%2FiYpJZm3LY4oBnwQbKYP6XaEwA0gQIooTfvaHx0ulw%2BF8OqKKbGZz3jjRsZJLErAP%2BC20xJJNBhG4IzzquL%2BtvwSIl3V28x%2FDAovlwd01Kd%2Fp0u8cHhp3MJTBZhYiuFRAAZo9mqAkuesi8EuUOWq4behHLmd0RwnyJaPP6nGuCH6uKijBPhxDrCpavlXMlu98JUtUUq49DqvCgXvna%2BbflLDPu8mazM%2BAWyGOdgP
28.,安以轩老公被判处13年有期徒刑,19.3万,/l?e=07f1PTyII1CfW2%2BembjIQXr5v6SYJ9tjcPx%2B3nh6QkzHyLKlU8i24ktaqvFbqsUk5YJKIbzgIFzeLgQFHnixb8IgPiAYdCEIdfrEhgpYFcBLYtOQJFZz6jumiZ2%2BQ89oBWzHo7J9plhAkZclZRwulrwTwkw47LOfVXManLnFNSij%2BUCRerkLFKIdZ1he%2BJEDVG59DIaHQ6BJTTca010mrE%2FEEjcY8xomZSe2721aPJawE5qq%2FoLqn%2F3wNzoPsvbhA8QOHYRp0nDqa%2BBvBzeDwV59PSP%2B%2FX4XDVk6%2F9wfPWwMXsnb53vToXD8DVZVEoPyNjnBpg4EQYRcXkUsYQ23Ij6dwOmMOcsYRYjQoBq6oe6vYYznKEVBWbNjOk%2BUwbuuDnT6IyiioBs
29.,女子在中医诊所遭性侵医生被刑拘,18.8万,/l?e=a1a7PBVby00QWsGP%2FzIBr3sCCg%2Bpz0R8yrUZEqs%2BNRvk1DQz8v4PZtdH6oKWW%2FwD1WBm13LnwfWX0ZkezGk85SKKbc8rGTWN4it1p6k5jqyIGs2V32wqhsQGe%2F2arnk2UxF3s%2FR%2BD5zz5%2FNFGd5OZZvwP5t37lgXkg3ukMU3kkofGz%2BzTO4kh8ZMGwy5FPau%2BL%2BqyeZf05feUFsVqW1h194vhzr0WKrKpB9QKsHLGuJ8XS3z1NEQ3F0bOPNagctJ5rSTqnTRgDJHW3GusqKqCDF99AP6E1xFz%2BHRLhs80tr%2Bj%2BLymK3Ql5ncv2XRJPc3Ps97XGIpDkXEmKGt5PMZ1ho0t1KiVMkKdsfqfpOVQyUz9wH8kLcHOoTynj8uujIzhh%2Fd6CGU1KUFoF0B0uor%2F942aU%2B6JYyXlwmrSs4k5Kh9o6Ld
30.,蛇年春晚官宣,晚会 175129,/l?e=539bP2fImVVDgZr0H%2BW%2BcG6Lut%2BIOwaBLCko35xQbSGtlfNoi2H1QHk87UmjCv%2BTxydjy8vKqG7UTxmZRvTzlklxdLAgEDrzlgIUuxykGi2oTQlygWfbxzi%2BT6UakMa4vaMetFsoo69ECcxdTMHO6ABjZRBc3KMo0MRUeCo3OICElbnyIaStm0FSMjua8J617NcJUGswu77u8Cg1tkwRss1a8f3FQsS30wuhJleQE8CFYRrkcnzfinKtN9Ae
31.,郑思维说我在杭州等你,17.4万,/l?e=b98bHI2XEgkVtcU%2F0O2173KnUejo9tis0AL%2FcpbIie%2BDJXNmKnEFIVE0a2qaIEdSIOlFiK7D1hvEAM9ZQ9e9qWmcx0m4TN7xhbqLD8bPNyGQSDordf0NCsRTziUBT1s0vvlMr5SzW4BtbQ9nfpvpfT6cF1duwTRTK7%2FPW36JvQNw1Pj0xomxC0Py2%2FkPUSVcMLY4s9BH1FzxBPgcrfawSjkQNUaVXmzMCoLrRLaPX9QVyzciWwOzQtOQTOM%2FEy8t6o3AVazFZGE%2FJVpbhFAf1l%2B5bHmU%2BlbsHw%2BINX82ORsGITnblB9O%2BxQAspbtK6%2B3L6R%2BUj9MgBDY
32.,王源头像P了个新帽子,17.3万,/l?e=f5e0eMwWZOLeKGrpkEB5z6kUwedxeb%2BEeAG8VK71WWTI2MOHbpECrOH2uB6psObcU%2Fxr%2B3WxIOOmHoSZ0J4r7QyA1IAQbc9v09fa32VAEvHJTbwXmcxYDmOewEGy3C7sG2U1WSW2ruVu9dVPTUKb6ghOTdgPZuxxyuLKqeLiYTzd4nYcjf9a1jg6BOSUCbMV5wU2lbDefoSKhcB%2BSsc%2BK3%2Bba4Ph8ThPbiRR8obGaAIF29kSyqnvZBuSz5rjZaDmOnL6z4fDR70lJUSsnBKCQK5IpTAzkKQyLeqVIgVTjjZMxUpl3Cd%2B4r1X0w
33.,为什么刑侦剧多在东北拍,16.9万,/l?e=65850cTAtzkU24pkvKFxvNU1txxdaBAEukky%2BZGjiOZPsiVLm%2BT3Y%2Bkm%2BxeWg8FN3a2JNiHvbiprJyv4AW%2BFzbKEmzzL5tRxP%2B5gsDBK6XwPwimrmyTlwt20nI0Uv%2FlOsqaudr%2BwsV92sdKQTNDK2s8w2qCUCnZKBhTk0KURuDIt8efMKdMypLzFUlF6sWWUC4vYOx7%2B2q0ktMxpv4%2B3a7zG4vgTMBn%2FuT3%2BC9MdSfylSLKs33%2F%2BCGxRpe2wo6MAsymnUk3UbbvPSvluId8%2FHk%2B5XADTKgJIuMn7ALVg3c%2BO%2F%2BNr9hCmPiqXd3sQmZcBoNEFZr9WgNhbHHvvdS8KqdIxuPR6utf%2F
34.,iQOONeo10双芯战神,16.8万,/l?e=a0985M0JXdMXTYh03%2BSOKtxjRzvJ%2BLs19dSm5PhgJ%2BuioWiwXNwQCD65ve%2BsDt%2FXBTfh7fs%2FVmAPSVYuTFGxKpTm2TFBJ%2FRvDfvlU7E0Ju2gy6sdx6NiYiqMkUyuVbOkrkcMDRCzy9QAtEU3JWH08IrqNZYBNFZD4SnTtwH5Gb9DGxWWlQhZFuJfS7vKCXwvfSGkZZ94Wjp9aImgcMXnAcN231B65eN8
35.,辅警因为一次好奇9年后救了一条命,16.8万,/l?e=a00bOeUsJbG92%2Bej8XOWgGeitYljA0ZYuuOHvWNu3bPVdY6TyuDc12uGJt3E7hKJsRAxy5Lr7d0arteBk%2BvvY96hn7rYaCr4Od45jtq1XDZ9PA7hc6WvaPG6OPEqYrADxkMY1yEIwTzSaL18xxChtYFQzxATQDVUwewHPSpeYgSIY5nrgGHGuyVs0%2Bk6rxukxwzHrgws6CDy%2FfIGngdz%2FXHAjLl3jAW2EFc%2BbAYarU8vUGUFNFx%2BMFHn81vH9IranNosjkBKvXUqV2HPT0EDSg7FcKbmlGygZ92liekGz1nxGnyT1OURpK9rrT1v9JYsGs3FYDJ%2FP9MViR67n8Nlt1L%2F7m0vlJwsnOWvsZn9jtwEBR7y%2BVHMbgbv8up177l%2F0lUMRPsYK342kpo1DDl17rMDUC%2BeklAr7GzyBvsY5wGtn2BBGQ
36.,年轻人买的水果半数是情感商品,14.2万,/l?e=e473zT1xR11D7cHoDL0RXORzSKojPz8EIe4hGNzMg3XZsgagV5J4kuLh5BkoIJS%2BWXqNHrTpYDrNxcaXAImwlGlmS1FZ%2BQHYxo%2FJRMULElweLzUC4HJyxDW3oq%2BfDFtcNHt038zDuZ3d387x%2FGDHr3nUeXqcGcVICLZR5F75Y0MXKAc%2FygFMJhazoT8gdc9HNYiKyo2nEJ%2BYmI2lxHqAnOhBh7P3dpS%2BTx%2F23EqSgEOtFA0IeyMYCLDBJT%2Fz1%2Fj9GqumUstSgOOCn6gMDTTKTAnVhIiIOk9k%2FUxRD05HpEQ%2Fmp5UjSWqBbS8YjL0mWqsvpANkO%2FDZQcbUI5wSGVzydWFDkMbe6s%2B3DqirUAFvLTAYNdN2rFoZguGK%2BKxgLZs7GSi9QwiivaTUsEB0yxRZhEhHRLK
37.,周翊然周放一搭嫂弟二搭姑侄,14.2万,/l?e=913fdCJS7EdatW1pOTCh3RuoBjphDV4lrGDzEE3ymOidfqe72o7VjNo3T5FIHpAihEGLKdOGVv4j2ZP2vuRo0UfGY6UkHINR8r8BuaRs2N8e7dvl8EkD%2BhZj7Cxj3S9u5G%2FgBRd2fAdUrANqHQ08r%2FQj3HHPHvqXPBiU0c1cbU4V8i%2FyURh5t6pPjjCb4X3ekMeFGtsXJh941zsCb%2B1AEwyR3jWARgUq%2BpXnh4deUr5QcVylONlP8ShuSdZasxTiyy1MLjYbeoQERQzqFdMfws%2FeX1cwprVkUbSUOwtKvMeSNChPxB0nb4BCTsxztqSnLNh47sbTuuzpYD5axK7TaQiZNIYEeLprXeSP75Bc1Pz4sojZLJpnU1qC2oO0HKAMFCLg4LIJ
38.,优衣库客服已读不回,13.8万,/l?e=b38eslAhkKwoaDs4nMmn2MTADMEaDAEVW%2BFjCPfWwrnpBWLpEEuGAoaG4LeryaKjnTn8cHGC13j%2FIdUN74JKkzd5E288%2BQpjIEq67te7MZRapQTcQslAWKztA7UVP6klufS0wtgNVTkd6b4w%2BEHOc%2FupvdlOezYvMjaPKx7qUE6TryuhpponKNExy3fddgXrhIJ633f8tskKA%2FZGRAGZk%2FM3rRppd7vZ5rZN5xNg8IOY9J5tWqNoxTJZ8Xv%2FyHDfvi94hB%2FxiL17XwGZA%2BDZjpGqa597EXdr04uqKEu38%2B5dfrFO9wK45e7G
39.,国产剧奇葩婆婆又出新款了,剧集 133301,/l?e=86ccecqH2hPHkqx%2Fvd%2BJgW3KWlm3w4e1UA3cNHIc48yLOtVdqmtOzNTGrddzVCVtC3GySteA2ttBW6DuGDkCxKWEi0oxWcjllVkpCnAJJpAAGOlNd0N0EZIR3LnVfLiVfQW274KTqCjyNr0yc4jUY0kTKBxObDUo8psdqXZ3Q42ST3KKsQH4PNcjHIau%2BRmT9wFUEcjYuPirXl5z7H87bW3N9UEzZfyyBdWn8rcPP0K%2FedsfB2vwSahE%2BEYd4Ho32p7AcXh79yvZIRs%2FxvmbxqDS6bzA2jJy2Go2z5FVcX2JWq7qlENjN5bfeHAY2sUyUiV4F6vsaFrAol2XvtxEWEDx395WoV1k1uV0OCrk5zfKZhLdGboW
40.,丁禹兮看人深情是因为六百度近视,综艺 132684,/l?e=4e4e%2BMX5Gxdw%2Fz3uf7NmPpIzFaKAKGbbeRA7UIoeqd09mVz58DRAqOOyRE6FF6pfejz28P%2FT0Fd%2FcPxpnBcO522aS4Dtf42sZJUHUFaJi0tnIeh0J9jsSCtIx%2FlHa5W4TckLRseOltM1oszV4NoUTz5%2BwgGoIJtwStahmrz4s6fZ9YfbEHaQUPT9LzezM%2FqWOmu7qwEzD6%2FfbcDiryl3JnK%2F6e982HUkQ3FzfUhoQ%2FjoHUeujRxfa2OvzoU4AU%2FMHmE7j0Th%2FWq%2Fh66blLrW5FAG431%2Ff53sNqm%2FQ0u5Cjxz6lgs2su2axEeO7152iObChJBTNytpTdb5cY%2Bguk%2B04nI5ma%2FncPbEMkPQMQrJGpXnvDZdYnoqbQWbBs1eAMvSNhL5bcLw5og4l7Lqyknnt%2FMI4XiqaHaZHR%2FZRQQtuK2XOsD
41.,樊振东对郑思维说风正一帆悬,13.1万,/l?e=78afuS%2F92mfnT8NC%2F%2FNMdrnAHGXS7ZlvsSXwVv3XEnCxvDpRlDv6tkb6PPxYVljeHDvn3MxMPaEWDt8cCimKVQk%2FP%2F7zDTFsOv7EH7muf0eMSl0G6x03%2FnpVU7N96QLT%2FLZkBpnn00RgSH1I0d3JGKS9TAjbUm8Lh5gtyIuQhhKJGw2WfpXKfHupmcH5rkCtMW3lFqWYPshb34pTaYiVVOl4nQQdgAOxFB4mAbs%2FaC8Xidk8KZnYZKdYxG%2BhGIG0ai4DwOtbS0A7sPVrsxn0HtQKpWkxnlA9e786xA2Z5qWFnyCo%2B83n4NTE53yUo5hDYZKzptnens03Gz9TNkt36d7ncvknh9EzE5VEVahZ7Btv0oSxwB27eoxYx1HtesoCNSeXNUJN
42.,TES官宣Meiko离队,12.9万,/l?e=948ehuoHu7vG2ohcAOpM%2BRlQxLCco7UCZ2LhiYTyn6unG3EmGz%2FgobsPcX5zVzeKIlRSuO3WFm3RLI7nvQVZtpb1MRHyICC0Zu6G4BA9pT5ChifSnkrtGSRRJAJsh0E3vCEUZQhzO2Fa0Rzy5zv8pqgmNY9RMC5P7K7AZUk7BtQMXMDtBqHr9v1k2A9HvI6VbEH8DI6Z9eRYha8D0pMcqtjCdNQVlZM
43.,王楠女儿落选国乒少年集训队,12.7万,/l?e=be3cCPksLJBQuxUQflj0c9mRYcS0Jpjp2eA9odZIJCG03oo2gJ07oopDGOp6WBCpE4npprJjVDEoXUWxKDNquiCWCgSYGdalo1rxUWhqxco9aKLrRMA8vQe%2B1Erxn5xjHa1nax7tR4rqmsUJFIOa%2Fl%2F%2BiBW7tmuKdyg2mka4IRHGNxyFMlvKpRRNRQKBtJ0QfIwr4eDXV2VPIiiKpeMwSmLGeB%2FElInZzi1izZ1QUBluhxSz0%2BlqMGEiNxHcXkJle150b%2FEFxjBwDyk2dty4rjvgy14Uoyr8hppgIcYEYdqkuHhEPXKyJjP1mHDHJClrVCNz%2BkRuzmWaNIfI7u8SR%2BUcMtVGJkd4t42%2BM3wg4U4C1Zd57unHXFR3iTjaTV2KKsJGWkEZ
44.,优衣库在华业绩下滑,12.6万,/l?e=6bc1MiqJrQBeqbmFZ4dr1jfGPb2DD9pzcg3px8j2YzavoM%2BZQjF7egl4VKohiwoa2Qtcnlfsel%2BatBX1nkPbAeGG%2B7ewIbpwLtAZwf%2B3H0sOgQ5M5pByuSn%2FDRao12dU9J4Tp8erRq5id6Q5USaFiHuXdnII1xJonro6WcQ1KQxwj1DimrRDheP2GTw1lUSXFPXczPzxBQRjK%2BMXyOvXvUxH9EApO7FU0JTQaFoOHU0mG%2FBbHbnotOkg6MFsjj2GBKns3Hpdhm6NAlplvnEEp0GKJztM54m9AttnXThPWaNAfHcLin8QHcR2
45.,侵华日军日记曝光南京大屠杀新证,12.6万,/l?e=25a3BWzNGu9MirMtr7B6jBXsJkSOuVz1UauzGYw6RX3tlukrZ7f5G6%2BdJz9IPlm24gP7AKDNTwLjUsnknvyNb713p%2BARBLQnHLDWxrxtb2Ap2OWOmhN83G17wF0HdvNGkf9fuKqt6sPcQJWDGo5HiOUIrR%2Ff3AOOjiVj9rdS3mrbM%2FaQtf2%2B1vmaDOKpie4wmChXXPU59JlU97qJjKVZE6I%2BYJypC534C82ONqM%2FtMImFKEZcsTR9Yw8cNiLAQSdRXPYXYwN1TGAJ1JpQMTBzK9yCh4HfCzHhhVazBy7umAzBHuFE5Brcm2yfpKXcCGlNblT7lv3UO68Y6dG%2FnNlkjgspcLsXHyndhHshp6NnIqWv7XO5vR9nMaRRfEUcn8Ynday7llduX%2FOgtjgNUXyxrdpYkt57UX87ZN5AcpQt3k7ynxS
46.,奥斯卡宁荣荣 新还珠格格,剧集 123615,/l?e=c0fazPGj2sHnQ2vmmGffpaX%2B9QtpLGQbDK9h%2Fym3qGTflg1mWyE2jdLo56m%2BTyJjKSvfk0qM1QgHIeeHCnTRdsBTpnGLh3yHEjTtAqy7Lp7aayJ8Fbf6RIAUHv3rjmew5Cwk3lQ1edfzgpuYd0xoT01ietDALnJeTkIrWegxEvU2g6ixT456sOlG0k3NRfGPeQuPsZqa8LkhgPky6kcBLFd3rXwtjBb4KaomQlmP4e6pd3TTHfqIHrcOZQ3nhmU3Do%2F7fGRXqSR0c6g3i3xoWhOVBgkqpYX3g40EAsZzJcEzdQB8UrJDnwzo35DKzbenkkn%2F2qE6hVnQ5MN5YDmnxAJvEiel5iTwFabR
47.,你家的筷子多久没换了,12.0万,/l?e=f5ecLoLiTVJ3gqLtHqQTPuwG7K%2BBltCB2XFe5LkXDzEUMOMHz9tnKN2Kdz2%2FPQYPGKjnIhIziAMfGS1RuxdNDl7ka8LihlwXPf7pgEgtJteOHWOngdq9iOrpflMywN4OxRepP5MLKIfhTZT5oZS6E6leWwKdDcbyVQjSRN6rPzthbVobFj%2FTGbxpTAUn6yupwbacd6WmobQftJOH%2BY5ReMO19V3NZHDA7zaJCmcoqWuN2Dp0p8KRJKRw7UhhJ7cdIia4cbjqsQtExPxk9ZNhkP2H07V7j%2BM0ZdfGYl5KpZVPQ0T%2BfrkFBGACamQ97Hy2GErsl5RIVBgU
48.,珠海户籍居民可一周去一次澳门,11.8万,/l?e=0082kzSqYw%2FvCs31pFccMSUAIh%2F%2FrKSh9v6g9aHCF8TKWs59yzA0ZJOqdmnxHQJ67LWP6IPRM4c1aLaijK40Y4tmCdf42QcmGVkY4gck%2F7B0Dof8Nh5JHpIBqD%2BH3WWOdg%2F83fGRFU0bXXErn6sHgz50RUg%2FcjFx3lUeEE%2FTBP2qT1A6CirmJfLLXCvFRaQNvQMzDjQwgKLwR5rrs3R9l%2Bb1CprohvuHB1Iw4cDuWnPrX7yLVCJHRKbUfH1qn%2FG6jpawdll8R0%2F9uljQuBU4hhdJDSUun2fQkTW%2FWUXX4gJeuJeEkQEGbquhX3cPRtT1v2z7NLaIw9eBY6gnpI4CGYkOm6if7pom1rW6flmQwDOjWPDRNm3y6HkTD1SJavaH7x6m%2FT1s91agGcxnqrg459s%2F%2B1ij
49.,杨子黄圣依 人设,综艺 110717,/l?e=3aceI3zJw449TdsCEJdMFFx5ykC2eGxSyAS9zWGVzCGfR5ERaFZ3vSQNzSvzIhiuJz%2FN9geoLArady1yNtnpmEht2IPbUWJOONndMSh6%2FVVXKHgYUt2p6JGarrDpqCG%2FBbnKoAKqDTH9yHUN9fKTLS0dlUwiUeZwhONNtSVSqoE6l1pMPDaBibK5zQujnMVSp3wiVP0lZLkK8cuieBeqHYrUcEjNuPsdsUU68WEnoU8skseNTxAzG6lwm8aVIU1x39KnswdcljMfvHbSTcYJ
50.,澳网亚太区外卡赛,11.0万,/l?e=13a7TTkpMFoaipQAu5231S4hWwjaogKR1Pkpks35QrLTLQjZvgp8Fk3bDwi6HwzcB735jFYuvFbSQfl3LdkLbQ2cltm4JffA%2FAa0MJzta2I2XqbQHzGke3bZO%2F7r5XFuVUT2JsPZxk0WGmhCwP%2BfFVIXMz8g18JTjyDzKNLE3umaKZGxIvmWFLKSBgaIH96aJNL64Ur5%2FlqKTrqOhBT0peMIz%2BeXF3VMThrXkbeoBWoM%2Bj%2FC3zvmQDWtRlQHL7GmWrz2V5UU6AGOSTvmoPWkwyzQeZiM7ai%2B%2B%2BY1
51.,儿媳控告公婆未经允许在客厅安监控,10.9万,/l?e=1fc63ItC4GYYcVVHWK9KaG%2BFztVP6eSBKXNRRDk%2FgAx4Cy0yNB%2BOSl6SnGqkCOm1%2BAfrZSjh8lqKgQ3fwbCdHHlN6nbYmGcYTWnWdFWKsVImcu2TX9owc%2B3he97Ht06PY0%2F2WBXY3nvvx4I9iB2lsQkGJarBm44WZ%2Fi%2Bwet8kQ5iYeADD7YSVOOd%2FgUP6sQvopZhf1fsW2S1qRqPhdbWCMpEYw35hPLVu6KSgics6pj0nSLlZ0EiYOhFprycQ5wxFeagRsbVZ%2FecPvvNVixm6z5Wk8zG6J44uQdh1793JngR2NleeQ3IECsuWI4raC9booVfE7ycK9kzwohOIKUKMqk6xCE2GvlId2OonaSxf0CpQoTTHvfaTBWN2q%2B5vrFGTWBQtfcs8iLKHPuBqy5UHsvkgTn15YOlyvIiacm06HlIQt8iE3irSuEnGn5zwfM452cS
52.,侵华日军日记描述南京尸体如山,10.9万,/l?e=cccdZxRZhAYD0Y3ZuHzlXW5x7SnwAnTFnItZRi6xhwlCuRzqrCISpb9CJf7CAjztXF4bb2kt9on2AcljU0XxCiTnPWGXGfZF5hYlSSuNsdzuRuNNaEAp0Lrt8B3dHimEWJeavVuvW%2F8ywfxSjdRElrA49hByOg3D3lI%2BGadYOFWLitJfD1ttO1Dxdjd5mJl4GC1TRL2Z9QvtxbWag5ZET5ph8citGCSFBcVIQLwFmN21yhX0oTjI8M%2F2vENS%2BYKqGSeZVKmOisbX2f7FvSOvhH%2FHv8P5Ox4nyHW2khTcNsWCbzJHxolDECWK69M6qvrARF7t4k%2FZ%2F8hbVjFR%2F381nHzObaRI0gK9OLfDvDEGM7ITtjHcNB8D3lyB0e9RRq9%2FcJ4n7XYH1ws24p1QnJSW%2Ftjt2vnl
2024-11-29,蛇年春晚看九命相柳,晚会 229738,/l?e=f381If%2FCUv3HKU4frvRXJEy4gY5WL15i7mHSFrDJfTSFCqhraOFBeoQ0zVddd1Ew%2F9Nm0huOzNwtwq5rR%2FHC7fKlYOqCVMrdzLc6UtwE2fiZqGbm%2BQ0wzLGWtbjh2HazAMLzhB8WYtgi8jrPSegyA1pSS8lTlgjxE2bmVcgm%2Bd0tY08rpRu6%2BPIOI%2FwgQ1Kx9ZTtcAMk%2BSrQwTxZ%2F5i0Rv39dhF0oeHGyRW2Zbv2qjZNbug1a0FrXh7tFj7HEjB%2F6HrtVZz%2Ft0drX%2FiKijGn%2Fwqw27WpftvpSVrcPwDB59Fq1LLOIaJXjmfo
2024-11-29,张婧仪眉骨阴影,22.3万,/l?e=b804TQSygXqaZhFmh4%2BY7lpMfNWQEjnJTbeHvwaP3xeB%2BqE8D%2BewgfIVsRxjXfDTvErslj26C5bxdmAUxUztS%2FFV9%2B0kATmKmMt5ccUUCMbRD%2FbsDBGm0N3%2Fi7Jk%2B%2FvwWwhM%2FnYmYuvdhJlQfUvx1HWBoIFs6J%2FoDTZgTKnXbFiTXI152zbjpeGmH1AEwnS8KiRkczq9Y5OhDkGs2V78JPYeqNiJytd%2BO0vU711GHxLKcCuo4cU%2FJ7mkrrjn7tMrkSlYW06pNqL4MhsS
2024-11-29,郑思维回复樊振东祝你我都一樊风顺,19.6万,/l?e=0e88kxP3aOZhzdRAxWU79myhCF9dRXnMXeT1lHysk9myWdAtRtHC8ZWOw14WjeF0lVeFSyjL1DXzNPhRIFPIlOUCz%2BJ5h%2FUeEdvfTw0znEltloal1VEX3YN7LXlk1hIQ2MNAdyS%2F6C%2BNdiZS%2FLm1Kq%2B8GJtAXVGWN%2BCTI3YkYfB9tWhIoN%2FhNLFMU94y789ERaYv9Cek6VQo%2BMIeNwxL8uT8CcFcZKW7meK2dZNDkm0eP96j0MaEORoMo%2BUfLVbTWz0sswg7L3ouvac4o9O6xOxyHIV0rCP9xZ8Eie5YEuNYSQPEUQNiKGXltL%2B2S87S7aGYtsUVJHNxB4Nj%2Bi3KJOXs5yLgNyKfcRaiIfX7Sl%2FBbY6j1uEVu7d3S5VV%2BA6MgyDddkCfk3w9DGMOwBvWb9jsiJemE3uM3Z2LpzdHITRUmjL4cd3FUnDm%2FNlEBhFZe6Ys
2024-11-29,安以轩老公被判处13年有期徒刑,19.3万,/l?e=1e73kXGW7CypNmwpnoJmAm5Y7OOuoKnfLhDZlN1nmwFlWDtRfo30UTudZsH3qA9RGKzyvN8ZWmwXboNWkzC%2FgM5NLt3OjnT2EzikA6%2FK2YfAJg4ay5%2FnbMPruc1rIJty6TON7rHgjXbgeKmR8lT9yDewqbVuyu3Fkqi%2BXqapGbjmB0cqr3ttCCET0tcA1CZTS6%2BCnHIj1eqZsZ5QXxEbqLe3JNUf6Weqx6MWwoZkisM05EpeDtitRZpd5uBLCPCVqwel771wl1NvqX60MF1KRNdhNYvJk40a7XFTdQTt7tpux6F4dIxFRZJZG0UfsI4vC92OIK7dTvrOINemeue44kXPt8QS73gtuYpJXPm7YB2FK5hdTWGByN0MjXc0jPRJ6uOKy1rwa1Y
2024-11-29,iQOONeo10双芯战神,16.8万,/l?e=4f9f9j87Uh2bQx2qXWoo9FzoxXNuT8vUUl2Ac17Ae%2FjQ9sGJuX3akmmJHFw13xhxEfvHGThavsX4NlcY7lGIu5hn8K%2F5f81KS7x1WdfGQRAqjoMv935IOiR7ISNWqcjOL6CQ8dZ6gUDEenVYNFRJ6IrK4bfCpZe%2FRH1qui42WC9cs8VJfFz09wiE1mad3t%2FtoXjmwwzBzmQBFCcJb%2F4PBMKgNOGksxDT
2024-11-29,周翊然周放一搭嫂弟二搭姑侄,14.2万,/l?e=c306v5BuKqw539Ieog7IzMjsBu4hYRM1SQUe%2FXrs37MCCjG%2FRsUoDACii%2Bx%2FHlA20YGEHt2twh3T99cs4ESiW4Gw%2BhsQIjsqd98CrcYeBqtvjZWI8SGfrFhnXvWe1o8d8fPv8mglnxXdAc9z6WbUQNb%2BfSVtNRu5KpeTYhoWobaK9AjZjNmLYYCGl6tv7Rynpd0dxqOYqltdIITBujThyGyU2LBycvz5lJlQyea8Rr4wpMDkf5txxUl%2BZM6NDqhYXlZPRb0bNb%2BIKCUlFrGjxFEjmUM7tuj3WRwAoSnyvYW%2FS65tDu2AaWbKCT%2B%2FtOcttegyCErVdGguCeMAhc9oB7m8LsRD6WtN%2FzK%2F0p39I%2BXaZWPqTl4elnyL5h8NavPKiDjzj83X
2024-11-29,优衣库客服已读不回,13.8万,/l?e=ab3698XuL6aBHMy%2FsYiKe5D3zCklbzdc8%2BdbAjdcTO07C0oYVFEsONBSfOs7J%2F6W2yMcQ%2F12Axkwn3eg%2BVPlChLC0rZG8wo3KriV8XiUsRoAYe6VBAkGh%2F979fdFcTBWfTX5THYs0Mk%2FPbHl%2FSNas6nEUqyVpoyKDDralOxhkLvfVDqsTgPSi8cznNMdSFh1fzwkXMArKEPlJSTgc3Oz7V1cpMCT8c%2Fy6XHiFEjlSFIIVfUIFr1abxbcJToHAAUbAT3Z3DVzPeuITZp%2Fq06h%2FzDw9B7VbPmI6agMIKNlmDm2ItUIg7j0YxmX
2024-11-29,樊振东对郑思维说风正一帆悬,13.1万,/l?e=28c1QCAcYtj8Y2TftOYoyxxXfoN03QrdJ2gVyLs73RE54cfh513bKyxTCFHTvtr5aRsI8chcIrW%2FrIqXE6vb9qc6Ob%2F29J132wQayfBg%2FccHRzxBRhc75kTTb020NhFEUi2mkx0qC3bL7JGCENEStJnGw9xgm%2FC8xBoPQIQRVVg0QYVAvuHL%2FLzR%2BsrfJKW%2Ba2FZRRo4gPr%2FJgg8d1LBxI%2Be5J%2BZyenk9TA4JHhlec4VQDzD%2BFqzXg1DJ5tTIyzFb8UBEJIuIPGWE2f%2BBzLC1OySydcGlQtBiKaZWgRQLZoZmcr1QlCkxveBOQxGy%2FrRxBl9p%2BG%2By0YbhQt3zYwJbv41YyQLrih6ZdZ7uvfu%2FqKZtJVPBXpaxByaygdDI8JsQHeKFyQl
2024-11-29,优衣库在华业绩下滑,55.7万阅读 | @南方日报,/l?e=3b4csYLjoqAEY2mZcfwxCLPE%2FVT0n6WvoGpxQla4wyOwOor0hlGn6vFTCvNjEIDbx1VaptthritUau%2Bxtp5fklcqoa2eDDfz0u8BHj17gybwaGloJbSPb%2Bxwu8y%2BWlSV7D1nbajkdlxP4I0VpYMiwUpo6k%2BpYqjzl5v24RfTdYtb5KdfXx85l8CevE05oQcs3iehWTQ4u5ItcE%2FS4VKdVoNp3WUh%2FLvzNJ1Zt6L5PZP5ksxdB18DXvhCIWFnFKOvBOa7zJhzt2ZQdJOdH8RTDMNEgNpd2tP%2BPfrqhs2Z1NiBum8%2BdK1nCMGm
2024-11-29,2025杂志超全订阅攻略,,/l?e=c0b0OinXAsI1ZR5%2BXDzAmDtRZW00%2B%2BwuEO1Xie18fKQ1k12Y1fn9U8uIROPN79pUWcoyPWVKx5us3%2FXH2MvdCtYuKjXG0GEGYbaE2iXR3MiXujo6fZ4Lmhcmey2PgetBNIHRN%2FJkiOyUIFKVntCY1%2BCfaSTrT52VsSsqVXQolAcUFjDjiE5QUlhkVZs765CFjrj34ejZrR7p9XS%2F7i14FBgoLgH%2FPkM0f%2BXN4x%2BZ9AUWumDB%2BidNqoGjYE5A%2Fxol7bcR82broiPMFMaXevxXaxstxPBHCEcGd8KYK1%2F%2FdA
2024-11-29,一年一度晒家大赛,,/l?e=c45ak8lNva37LnPnpXP17GgjDEU5ed%2BTD5hgaGDEAHXbncxe%2FCQKTW64wuFRcp%2FMlqgW7nz9juX6rFxCDlF52Yhjv%2Bxg9TULCRhexW6WRxbDAOLBJYTwnafS1R7ka7IP0FkyJzxkl5F%2FclWZtIz1Qz5h9HAR2mUBy7D%2FUu7MLkbtPjlNKeoYLrE2xShckuC70TAzrP46yTtroQcSFGyTRwTVYnKnPutPnLyHpnzYaZkVU%2FX7rBslW4oghBEx55G0kRzsFdGMTVlD%2BS05aLO0npp3ulXLVo%2FeDDoR
2024-11-29,A股三大指数11月收红,40.9万,/l?e=08ddHzsUukm79VxpVXD3Dwaf4YM7PZ1PulSOkobFpvRsWTVFKFMjn7rN7uQNEcL8tohr9F%2FEDMpgkLq%2FLqM%2FtB6Gn2RDIaDK8SLVu0b7nz9asf5wlnGD2OGFaJthsF%2B2GeiiZ5NZbQkfo2Yw9inJkolw6GMeNpj8JMkgGj0Vmb0%2Bbf3i2Vw32LN87EgAdWP%2BUpQPTrescGFq4A4txE9zOBLj%2F0Fj%2FljmdVTDoU9tnCzvf48EIZlmLahsfwPvPf4Tt3ifuvh1Op5z5FIGtK%2FMPDXBP0SKTJJ0SbNfpc5H
2024-11-29,澳网亚太区外卡赛,11.0万,/l?e=2f86yQ6r7kfHnKWQMMNYx4Kd5x5t5y%2FI75F7eZ5XcHLmViA5KhevfjhzNOHDnadSy%2F5kkNbzn40duvqLW3R%2BuHuU6UuRqQyIKZuhzy7blRvWGOn10OGkbo6SXGvUeDY5nuGjBCpXOU8x%2BDayUwbYL5MBV85RmxAKiwGUY7HVifUdbzAXhhmQZbhsYE%2BR6pMflhRFBxcsvW2WFW7cqlEJpzLEFoIEQkqealUp8Cj9DgBs6A4eN095NGSCsvqYDzUHL3d9oncaaMDKARhoAVqVcmfu3ME%2Fr65fsfEH
2024-11-29,龚俊城市雨夜撑伞照,23.8万,/l?e=f7b3GsLN6VnSTQkFrZB6oHNY5eK2EyGkjbMn056uQz4sGwtb4SUEon577AWmEVxAX84kjpd8%2B9uCBrSkOJ5ERWV7AO4HQ4CkE6WMAiF021vmDnOn8R9%2B5%2B7VYiIjg%2BlTrne4jczNHrgJZ3QAQZs9eWYBSSgMOCGeTwNYTbwrIDlPq1rhmk%2FSvW5NDFdXYLtp8ULzM78n4HZe9iLvsI0poIJWAzn%2By4N0XYfAfycctANe2C0B1Y%2BwBOXGI5dxhzDZaOy13f9ssAbs5LJEtnaOhuOvUw8woolJaXQy3Yv4BMeNEo73KVF3K2O3
2024-11-29,郑思维说我在杭州等你,17.4万,/l?e=0801m5o7pSgv0Y1naM4lYPm%2FhBXWa5I8%2BmTyBI9qg7p0tfBzL7K8jiwV77bNIUuLHbIOJKvldwJUQOb29Bkpy22Zbq0EB3txOmRYvKrQ3Jq%2BFqa8ksNjWxsafVAm2Mx1pMdGo5GBuryXL2DAsAtefpSQxjVMgbVZYostOsVqfr%2BwQWq%2FATxWzxTr83xsQDDKgSZ7YTWZhWEg1QIeo8un7PRm1x%2BOQ635XEFg%2Fdj0TsFsAjs67FhlGsMXcFaCNGeGKQ3DV0upvRtN10xpeLgKOt2oz1zy2ZOmh8La4g8%2FK15pXsdbybaQNV1naZvidxAgFZUJ9hZRzdjG
2024-11-29,林允滑雪妆,20.6万,/l?e=16f4T8faftls%2FVlmKk3DAEaUHA4o8sVn%2FM%2BbW4RDOExP6i%2Byzh9CoG3FKQT%2B47VfYtGg8QmEyzgrKqdW8AhdsVSlhM8MXIDF7uMOhtR1gebSJACT90QTEbygVuT2rC1N3WhjKiU76djDp8rVDEugXCY5f1rqQju5yuVfWjZevy%2BneBstei6LYI6pBqACBowTLNg%2BH48Di3jtDYlaZtvZArxZkG2dw2RL74FxzNlZ
2024-11-29,侵华日军日记曝光南京大屠杀新证,124.5万阅读 | @扬子晚报,/l?e=256dq7wnlUzAms%2Fj98zB6P6sA8HlKKb1R7oviY8Ht3lDoaPH171SXsSdK9%2Bpi1Tgh%2FCTSYQrDw1nuEMqqKv0cbHbilAf0XdzWx2iM4QzgqiGp4nUDU1rlWMSQnk65mDX0ZEblYvSnGFC97rNLoOW2kTJKnrCmKZfz0F5wiIFuVKg5QQZey%2FH3sEAz73yCUAZ6KIONC3jAHEkyvQUZtWLv0m5r%2FBVkiyZZowVkDj0MZfrKzMuZWCHG%2BFBeZJeBcnxdXuW2SwIKUjr%2BtjD8ix0tjrGuiA4P3xgXawoVu0ueB9VDqWfHTGvyzRGZW6jb5tt%2BYyWGjjMNXZ%2Faqznj8JDSWGdJhvPA3C1fP%2FzVG%2F9yaUaTd6KjqfuBc04U%2B5U8%2FHDzzr70tdXT5XhbJDPjRNAxanF4ehiHWP9vf2XGa9D9mizSwU7
2024-11-29,国产剧奇葩婆婆又出新款了,剧集 133301,/l?e=8a6axd0BuOeyZP0e%2Fyv6ZeIbkIrQ4ydHemKevHR5ZWJvQ1ZBCSGcaFySpMSkghf6QhlX4EXEhy8K50MPc2oBOhEqTmtSSkl3fQOW4K4FqZgHk4Yup9hT08v3s2lEKnjMgwmVKDudsesga1sG%2FyrTu2bhZaMFiRuKmN7PrpeRBkPq2FbRflvYEOAJbDwRy10McJSuwBsLkJ5bKW9HTpi8CJPj%2F9jHJUUk3aiXV1mHDdG5GAgvRizkLpVFy3EXT1ZMHCao4pjQNLvB%2F4wg3W5FWvUssLDgsW28iPKN%2FcJBir9CC6I9xgtDXe3Mr5ljaITUuPcOvPB9xTBeci3c9pOsZwZVVhy3CSJBYrSFdLfH3oGCmVVAmwnf
2024-11-29,为什么刑侦剧多在东北拍,16.9万,/l?e=882eA6YsI0t2ixwzYhzTs6dsqMZhkD5fvkB4hsKb630iHY4OT0OyW03H6dzgwDaePE2dX%2B72zJj6KiNwba%2BFUCyVZhuXv5qPH2Ri%2B%2FTDt%2FU33CczvlJkYYerIdPrQI2n06ok6uhti9K7sKWqZuebrSzgOFsEpMgjVAjeDhHdyQKwWYb6V%2B2t%2B%2Fk%2BmIZcEkV2vziNeYUwq9jts1PSJg0gZML3qqlDQs6I5izo9MSQUGThK13%2BoWUXQxz%2FBsegFdvmv0PAfo1%2FkBVsbL1bphdDGOK%2Bcco08w6zRlFdb%2FVGCFNqhBnA9kSppVNTgyBdtX9ehWdEfGWMEXaqpQDkIP1%2B5timB0mNJHyO
2024-11-29,周密把周芯竹买话筒的钱转给她了,20.9万,/l?e=e17c4OWcJpua0bcL7FtLYbWq6j8Nw5Ec9S1TftaN3zr1ohXD69ULKqdPS%2BdC55kVMSIOH5vPMKX49bpL32Nci%2ByJLzlNwVZDEui1vST5K2a067SjzshMDyaOJxcyzlo%2BsUdX6TAFd9tX%2Bbu9Vl8Z%2F3OOLko7ax6QugJScLHIsgDKytAR0QZwC9Vm2yODpo%2FDMFHrDMPGjrp2YBFl39K4E9P5%2BOdjBifAqtSNV8%2B0pUj3pTrXYfEliO%2FYe6AjyDKdRcunon9Thop0G3gzSCKm5CTFlH9netGN%2FYeHGw8IegYPykzzZBx71XsZF7%2FrSoluA9AVOSHoDVn%2BkxsLxmMd0Ke4mBQazIR%2F2JAvBXpemiATIVDi02pRZWqtbEnJBJU3JyNVJi3uWxnZQK7yJXtWXlvVe6hlEbu5MTaDQ8X8CXiI%2Bu9N
2024-11-29,贺峻霖一路繁花数箱子,综艺 132683,/l?e=41b2Ql%2B6yUYyjmshLGcVe8PEDLthAvPTLbMvwHLrXOSe6NpahELZzD5CntQtCeGXCJJIWbi8d3dJzN9QOS4Zx18omWK1yNcO2bpUfWWGA%2BBmHl8w8nEo4Wf%2BIVhMKmTa%2BQwrYI%2BFGbqE%2Feld95hOrFFs8koWztmNAfSM3tE%2BrTJHRv%2FFvcMiG3wIuhT%2Fr6LQv4hSQjkzxoYHhk57lhj04X5wBPUAkHQrvpZhqG8MmwrFUzEUniTknHyrJwPh43ZGAU5AI7DxmYlqZeRAv3EqzL74i%2BikWZ5vBshfs7UFXOG4Fc%2Fr8TsjJejLelExof1036EECO3YF7vy
2024-11-29,女子在中医诊所遭性侵医生被刑拘,18.8万,/l?e=0470Ul%2FUsmaD2d1Lg7NcLUCinB9%2BkAaHfaoK0yMW6PlkYwWZyFnEkWaEV3vD%2BAMKlYTiJk348PMU%2Bo71whku2quKAtAQwWfCgvlkjrEbS4jVcl5%2BiYtbqHty6T96ULB2kXTxXYGeKGTMcjHXCNU3XrybrdtLNFhoKFzkF6B8ho4S8tby52nKdq2rttJsh1Bsnd5kN4FWNTOxDh3984Y%2F2M1ox%2F9TCXfood%2FiCdE8rqrlCxNEpohIJ5GtQjDptiqkJigfYQOPqLur%2Bm5wz3qtA4uKyEK3vL6l0%2BpLncepb0LOQ%2B93iojaIM7s1p%2FiMl49rAqshZUJLcLBNEQjnSoXz82s7ZcrwSdKfTBnY7ux2eGwXksw%2FYhpGopE1wET085NvMFhRXb4f41O6wFoUUU%2BnPWMKccTlxxC6Nro0M5dTV2nlOW%2B
2024-11-29,印政府还在用被封杀4年的中国APP,306.0万阅读 | @观察者网,/l?e=41611To3VvHvT7rEVZYCOtgoM5lGIq8kNylSpDikJlLtRK1k2Gr7qqWnJ9wnHyYlfpUlU%2BStn8rZHo%2BefolaorLe4wBBdq1SazMB4bflrd4AjqbzMQbFywKT2wN2bdBjQOtODZFIuqbyUA5TQpbz9bqDE%2BQoEbDWnPBLyTo4AZxh3H3G0Jbs7F6TaCjUMF7rnFCWs2SiXpg5uzhdsO21OV0TRvZytXssfYPTrKJm1dI%2FcQJR8Mk3zCGOBBgHRJeybmRbRF9GbAlPJchjsgszp%2Fcrpfwog89pi%2BRyz1USYthDsEb3PP2kVMnVEXp5jeoclecBYLGAW7%2BqRPH1dpLO88zeTizerXgqAYt21FBWe4n9wxxs7zIwQsNf93qBuzzcd%2FIzDiyw8WiPtA
2024-11-29,韩安冉称do脸模板是赵露思,76.2万,/l?e=e2f0tckORdThl0h7POAMQDv%2F%2FilHUY4d4fB54gvZX3E1c7iacFJlx0WpstSO%2BneGBgt8NWf0yyU6YIvkjIRi%2FW6WWU4xhCNxeDBX9KrjF4o0s%2B3VK0Eu56tPciU53O5s2NurMylmcn1FtvOQDIMw1yXz5t0dUkCtt2ghz2EGCpkuPDCNc4X4MC%2BxEK%2BfRKf953ePLv4Y9j6JrTCWuFOcd6c6wSvCn0rwhE2PzH4U0JxTgOkRvP0aolNxKC1eQ%2FlAgjFzkanS3eHBoDXnYfEi1RRs9JEaCpakRFfVITM88fCWqAMWLNEWhgzn2I%2BI3mR0u%2FCCHXZqQcLgKCd7DdBvlDlptuYTGq%2Bo59Y
2024-11-29,王曼昱助力亚冬会,28.0万,/l?e=e067omYES5z05G4izFIIl7YoPAtxa8wTMDGp5FrMDEwfLxs3K0ovQXRpNLxrrfTOpcsUSAfVyWRPAOJldZZ31SduQ4YHe9FxtdxH9hIuTcyCcv6dduFIYvQsJQ4%2BWb9BJgWPAvsXhUBIGPDsmLz2OyyyEWgaF4hTNJ8hlbgafpMTnA3bEouwPL3RvzRTRmJyGmEFKLRS%2BdpfTzmjD%2Buz%2Fgcahxm%2BlfAacw3753QoZYKGQxQzRbpjWDC%2BODqmA7sBzNb9puC7Zxtpvli85Tm3QD2Vg2LE9TG89vfb
2024-11-29,小鬼拍到本智性恋心趴上了,29.7万,/l?e=3326F9kJLklhTJ4p90Zomz%2Fo68iLhX5VMepDyUPlQNS5kc54wMCMo0rEjwjjUfu69%2B6OdGSnwuKDJHwrkFuI56iX86OySBzkxUB0QXI6bCqyulx7swBDi%2B4k05lSdR5K5BXyHBnPKRODY9jqFMDw2q%2FTIENE0CPS6Z1jECmRiv%2BapL5XtPpwc5qsOjb2%2Bx0WLKLMlq9GG7YkFnIm59Q4KWIm68l430Ac%2F7TUw4LuIVvbTrOKrStIYDwccJuh3kx1vHF3RPiLb9kTNzLpQulMG0lmuXqhcqrwAQvwAf8fyD3AZzLUVOkPxxh1pXMyFXLhnScJ7BEDuO4WdjMYYUf0TTOqKCZmxVGOKrsk21abAYQ%2FiaaYX9l7
2024-11-29,外交部回应优衣库不用新疆棉,1388.1万阅读 | @国是直通车,/l?e=f4e7H4SdtcmsppClXy40b1BlrAF2BEBVlCDl1exUmUlPP3TjWG281gVdQhXpA0SVOOw%2BPjDLDBV%2BgWmoJ2Uwi93jaFY%2Fq%2FFLL3dRLlj5DB5nuE2e1WZlAC0c1IBRuBoTH0TecCzZFsI%2BD%2B3h8zqntRHXkLna4KfdqYNZSa72NvvrPAmJa34fjSDNVJ6iVjIthGsQcjMAAaAeuT9rMNd7rSIz5chz1ZCQip6r8P8yHIM0Mjb%2B7icioYWcr7H2YIQnv2ZEz4f3Ne5P%2BAHd8gDq1BQlxMEd5i5GyxO9g8Ev0d%2BlXj%2FZCpQL%2BtYoKmUSodZX8Lp6wff3OvTuGYkpcKLEz2NxIroZ%2Bk4RizN9W7376X62FZFvSN66fNWrO4MFRJ1WEOLOCIx8
2024-11-29,李昊 活在我MP3里的歌手,11.8万,/l?e=6c33dUbnubEAakTdOKuFjbduvl%2Fh6T9COr0mAhckQk3cqCD43KlGIHv77K4b%2FXwujSmvdKLKCYT12b3d1%2F8sMh0NCb%2FbSfEQzBV1pp%2BHuxV8wpAFVrX51rYfu1D7KCzFQDKuQHunxCuo9VjcRzOB9hHY6%2FyMorcNcJm2JMIY%2FQ2C%2BGxY8LVa1YYB9nQdyuXGPeKaR4LGf%2Fc%2FO%2BJjAGT963r55jbRr25Nu9I%2BtsB311pBeuYK8zkqzhS9huPTg9YU8R5DqzJ5F7qv5PxZApk%2BYHZev9BCbVFHHvoURAlTq0i%2F3Sp1iMiKdF5Hl5J4lz8N
2024-11-29,导致胃癌的6个高危因素,2463.4万阅读 | @人民日报,/l?e=babdZeoG2PsuoxxqNeILQmo9cGkoqb8yYiUO0TPGV3MQXI%2BUPqIhI9ed6fuOgzt%2Fc2zYDN0g7YIfoRnHT885JSmSU3LR8qtypFFFPngEpkt6FNCggBQXxUbVD1oUgXRaA8D%2F0yYgzTBfchbb3o45OzEibsRT1g7LCPLLl1jTxDs%2BH1%2F2eYfFVJIFBuctymfwHatVmSYdZZJ6dt1%2FCSZNNlDQad1%2FiroJ85jMt1p6v8bhSSApSTvj2q%2F0pwU4vf6G4jM%2ByqlWz7ngpSqQvT7rHVQOCsQdG8q7fxdrEg0sCHs7ho4nwL6fZ7gUIR67qSAw23DonV6bmGP2aw
2024-11-29,扎根中国大地赓续中华文脉厚植学术根基,,/l?e=7cfbZFSG1mnyC80XA4U8aL48w58Vw5dngo4cWP11s7XyEuTVEnO8dk5vG7GevgoXp6bstVKcFb%2FpYgm5HOj4RMKTWiYSuXD%2BD2RWYU2ENv4yKUyoQyB0%2FnoG%2BmyIteMvBlMpvCIHFaVdMnavycE29fS6mR9rKltEY%2Bc%2Fr6Ocwco35%2FSCInEmn3I42Ed7JuaRWNy8FGIwlhngiaZ9Te6Fnnje6r2nbwhr6Mr34w93DsPtTCKMwYPoGs5ytUEXl9Vh%2B3kjjnx3FBy8qZNEzufZXGfhEe8txsMWlcI9Maczmpb%2FNiDK76AZFrzrO52PbIvEQKxyUlW4PueqZ%2FjL2mZQRNQDAWTwi6MsxpSz%2FJ8wr2HWZzdF9G9zxyTZxCGG5izpB%2FiS0MpnEaO2Qpxr2QckSYKBnXfh36nFLtIp3%2B67XXhMAuHEBrLZZOmJvcSFAsFCQIf7FOHb2wOwu4IiW%2FJpDhPUrZqiI18XJLuToFD6GtJV
2024-11-29,猎捕野猪为什么这么难,201.1万阅读 | @新京报,/l?e=346dbTBshGYoxBIpiQ2OAX4v6WfnAC8SDzApfKhj63tbaeu5UotUvCgv3T6gMnDEMz%2Bnh2GZUVGRn6c39rNu5ekNORDMxvfnz%2FPlbDu9Bwtm%2BlEJrwWakT0XX0tm5wxDgzZqkdlWMzZ3U1oVgWvjYUgPDVr2NoSq1zj7vWMhYhsLROoB3NYrGVvoP%2Fb92%2B%2BNXi8IE9NCye6VxbdrEangwIFokZsMLLXrum3qyKIWtinVNNyGjS9gRa6143BpyOe1W1uhkpGGSgHkYOldWRdJJkoc5kZ%2BakV4Tec2aCv5dKbEbkaeBr5RFP%2BIkYsk7IqIvM7bxjFQcI68
2024-11-29,人民网评白夜破晓,31.4万,/l?e=f1c5XnstzuzObxVvNz6lmrS2rKLYhRpXZypjkE3ZlYAPmVGeg9fD7KiNZMYzEdKXkaieAVs7qtNCfRJhkofEEUDJsr8%2FmVC8GH83Ofl2uqRUk8Uu622kAmyy0hFmJlozjNVcu%2FTnyFHcIX815di56z6TaWLY8rpxSNc%2B3qjC2BqGAolXGeFJ%2FUL6l1Q49A3AqMdLDq%2FR9GF001ZZwTCRwF3c%2FkPUhfw%2FyQMWdXwPjbocdb0dHT5O%2BqDD3Js3I5QCRIC4jypl1OANFQpMKV2vgVg%2FrWpKcySsjuUl
2024-11-29,春晚官博回复檀健次春晚相关,晚会 888700,/l?e=7dacyga2KBzpuPRhUunkxx%2BXx4C8ZXjAyRzeu%2BN4iIddeHc9un2pgmYHbQUDki%2BhSB8CgGKX23umo%2F8pzFHNOPultNyw%2BtDpNV7ckY%2Bbva0Yga4L0YN%2BGtdMkEMJg13vLRBotzQyOpMX8HJBW6%2BGK6KP9An0%2Bq7KvRGgHFDUVrEDlH61qDAnMzdUktaku7Y9IvuDJBguptcb1bGEZa9AVvuqHxDlO5Q03m8sLF%2BuJVvC4BfSzTb%2B19YEVA3EkRsjQQWHRRmAU81eFpXxQnEaBkE8Yywh3Y5tdDsqXTe0zVW2W7Wd5OlHfAiOz0eLxrBWNqcFN6WuhuiVVwzKOMcx8Ygybt93vDRFpBCfuwrQL6eO82YEyddEgy348W122sXqFcHWqqNd
2024-11-29,悬疑片的反转应该这么拍,24.3万,/l?e=72b2WyTxaON%2FabSNrs%2BKQeu1ofdizV5Qcoqm26CO9mu7hVQtIignIc93lkJTfmVHFlaRNJArahq5Ci6mSZwUOB20kX%2BY5rzDqCYw5%2Fzf4wAgOnzTiGBCZPka5EyCS6v0fpRXej2bkL21qreqDcXITDN7xYj3ql5cdtvm%2FZ2rITSm4VgfVDrunesmabcGCu%2FtEFqI8XNttbqmblbQVZB%2BSxklQAcI9pJ3YjHRnPBTbJlmB7djNdHdwOpUnw6R3OdZKFZNHwkkN%2BOuhL%2FadDZGD0Ce1jkL42WAc23CoE9UTFUAbcU2HAwcXgJTOpFVgRtyLiA7C4IE5tlpGR8CYGMYdxkokCwazm8X
2024-11-29,Baolan晒传奇杯四强队长合照,21.8万,/l?e=45d3xLf3U%2Bf6kTgmNBHueFCS7SDuVg09T85eOwPRcM1VljfUzN5Wj6Wh0yXXKj8lcDxhIx37pNcQpdKKC2nDkHPmQm6FYm40CwgQ12Y3Zgtxww5i6tM5tJ%2FVkf7rVWvzkVzspafjtp3%2FMVmJp4x2G7SgOnN6YLch74KE2IgRqRAwtUQWv1ET1p%2FUNVJ%2FMP7%2FCpD6z2P3CQduVkY5SWHasFwUCREnkGgeBQevCLWCAZDmSjokjyErrpyhWS6mAcNizOOQoOs3Cu9MZIVkZa8SHggEIN0FHyrYvSbK%2FflUA4RIXTDDGOBuiYXRHrifvs3Or16OpovSKk7vgy0ROAaS
2024-11-29,小鬼王琳凯风尚志十一月music刊封面,13.5万,/l?e=1868%2Bxl%2BvfJ%2F4q0EmCFPSGHejQN%2BZ%2BCX1Ak5y75GND2XGW6X5CHwcFodTilffqsZnHNKH%2Be3sH95%2BQ0vKdOCPgq3GunKwgqRAINAWlhV4G7nomW26npGDxuj0%2F34Aq4j%2FcRWtygW4sKg%2Bc%2FKILXF5Ei4qh8K5OrJgADiQbaX5RrrgFsxwCekh1fIi2f%2FhIkvMDpmDswYvY1uS9s4j8RcsUiC2iLDij9Q3fPfe1yVcGK%2BnrGIJbvdev77qSvSOG8Y6L2ks%2BAEknJtaj9hPb7F7TYgfhklo6jrC0%2Bt3Ze84h%2BrIYiE%2BG%2FpkMYL80ZixT6Fg2f1l3GjqnLfLyTVreNvShKAQ%2FC5RkHyctUZ4XFdNrdiZ3XNFM6b2IACzKHQc%2F7RfV2k9iUT3GODJ4zj3GbLFp6RiBomXprJCA8
2024-11-29,金玟庭演唱玉氏夫人传OST,16.6万,/l?e=6a70WqWcN70u2GlVnAaC607zlmAUG%2B2UL3IV4VvaB1uVzPuC3Q6CK3%2B5A4EmlJoskplYYqrAq7HlXjJXN6839PycH8Ob0XtrzoCtZb4BA0MeNoTI8A4HvOghLTtRG8eJbtAPd4Yqy%2Bl%2B5qCTwuvIrX63ifVkW6Y7EctjYX5BwJCvEwmnTTvcUUVLsB11YjKCSOKSpPE0cK2sw7f2I8eO2Vdb9WddFAJuP48fO1ZeUbojbNNVCakoz%2BpAiH36DU%2FWoSXXYm5XBA8d%2B5%2FSI6PK6Ba%2BH%2BPUBVQ4Ho35PIzJgBgFy%2FZt6eIwsPR%2FtfYqb2LKsTZUk94A1AfmK6%2BD
2024-11-29,打游戏一直稳是什么体验,22.1万,/l?e=2acdY%2BexHl3oL9hTw7HRRd86YfTXoIfSEo0phCJLLQKIsZtLoVvnFdJDuZo9SaeUoX5uOTYZ1Dl0SDCkbOtCo4nk036Myg0ywsMbo8SVo7FMdwDZtSehF3iLd9HkzffD3KGC3IYsYbSlWdS43pvUP%2FNjbl5gc85GjP%2F%2BvjCPx3d4BU1Df0Hf9YeLat5n6ySQeH4%2B2cA5Al36IdzmraLoNY4k5HCLOrR3Ws7js8uFw3N0FbE099V8Jch753X90DlOSCVLO0Kq6%2Brv1HsnGB7K%2F1PLG9h0NPrJTVvPhdHdHBPsBWWNJ%2FavyiHStdqfb9CW%2F8q4N54Xs%2FWcerk9N8ve4w4xz%2FbsqDVq
2024-11-29,儿媳控告公婆未经允许在客厅安监控,281.2万阅读 | @大参考,/l?e=f1e7qvRcIB0TKCtUGHyVhfxW3O%2B6c3FaoDC%2B0PAFdEDb5nKKAkA%2BCiSPR0c%2FOHFl45Ycy9J389McPvWSl2R3ndeia98ibTDVXTgiUrT0KnsECSvYoj6Cua1B4nQ%2Fgp2P829z0euNcLfRAfK82yr53cdY8J7QBzS3rD1Ow66Wl3Ohkq%2FPMcuwoGFZixfSjokVoinQiyTPYWiI5zVWE4n%2BxNTMoPTiI06nBJPRL3PQSLxKbT8JFTrUKM3MIxbLLSLcufqDj1mTsSLQolTfeVrGcdQYzSms4jmMY3h4PH8NUVgwebMrr%2FwRgxSgNLb%2BodvdHNyTS3QYYZb8%2BOCMrToprdq3r0o16sxPjh3KImT9Eu9MIRVRvzAUNf2jNVfL5M7JmL30s8LGljUHYLpuXKjWhe6noqIjbulxWKA9mhKsj7MX44rC%2FldVt%2FzvqK6dMeEDingM
2024-11-29,蛇年春晚标识有什么寓意,700.0万阅读 | @央视网,/l?e=581aY8tBX7GqyyGTdKduh7gU3AByoxxI1AEVNrWyaT%2FsMld38R7n%2BtMimcDz9lVI6IsPle17hZTtkb7urJRMf1VNYJuHIEFn5F13A3G%2Fbug9TG6PBpA5rZHNvYVSVZCvV%2FdlBZEL95gV8K5R4OA4ahcnUfmGchAUMRr68d07Wj5lZxjQ8kBimqMorEVj2bGJ6Dz0uBHC5qbGib%2Bc6eiZcmTpfOKy1k%2B%2B9As4ffVl6Y3Sf34rrvhsBAvDNpNQvH8Ejj2XsQWPRCPYthFu29dkQXwfEwePwpcitfH7UqLRYkD1%2B3Yw2T9e%2FWex8kPv994WxTxSxlkkk09jtHpBm7ulZZBbNov4%2FUOx
2024-11-29,贺峻霖求旅行攻略,综艺 207666,/l?e=b923Dz3TYj0623D3n%2FFVX3oLvYjv3dWoY1HwWIE7ciI1iO7xey1X5Ik1tE8MCn8gywhsaS71yXxoioapALiF9qkeMZeQTHnOmkkdd%2FBnI7ZtsiZ%2BRMxbsbvKEVkfe9yAx60TgIfiAZSXQwPQOzRvVdpRKPJhQBD2OdlK2SiuTXEASrWjhaOj1WZ3UYyVlxh%2FdpAROYQJBGfyHTGATphWa1VBqkI34b4ZupdwSvm0tBUTKigpgvoCVhQUnaJQOzG7B7leq8JB8KTApYQYgJz1Me%2BcaxobzUDINg6N
2024-11-29,一降温就流感的体质怎么破,23.5万,/l?e=f1b6WWz%2FIJlliNS8UH2D0vuVN5Uybdfd7orBN46UK5okPLUG0pQyX1PeUm1YG%2Fv99eUcMKMxrkh6dMa1tTsi9nVOE1ELu1oM1coOLxQnHD1jmxWQy45WPpA1gFfg2CYTMdVIJQ%2FZlAAR0Ai9Sl1rkl2VtapIdSaZ14VWxPbNa3A1iKr%2F8JL0%2B8wVNM9wuqlYwXZ7mn78LpNfbCJct4SUX%2B87rmHGP3tPNTt5rFaQu49295Z438pVa6uii54x2nAYBcFslWmg4zb2gUT6%2BswMFqnYk8NkV0B%2BhZWDaDkR0OFzghm6Ta0Ee3n7d%2BagG4ABGpUw2MVUsWfMb%2FPXAAgYWAIA1bqXz8MkNNHbVm7R2ttPp7hnlaaH
2024-11-29,黑西装是杨洋的统治区,13.8万,/l?e=0a34nNSINbDXIxyV2y6W75eP89lBwOhvghryiyUVVR73B%2B%2FwDDACLbGeBAcKonQFXF5%2BXpzxw96BIgs3CT6dWnkPrsBz3Bgjodb62lAOpRcpLpWlOqcS0KEbWJKgyFm3XHDC8vF4aHBAyKNXujqVqq98%2F3mh2JDIpE1PIJ3BHLIX%2FnKnn49bPFubbsLa%2FZ1XuBUunxwyOXDDep3ckNvcdHPWAqlrS3aTD9VP8Bp8ghVWzVGJzz6WX9n%2FQsY4HMDYt1G1zjed85KILEieMHxmuRgvqCnTbpjN%2B%2Fmff5ytKyRj6q0%2FIyObKhYV8l0HBx%2Ft%2BYTkjRRG4pBl
2024-11-29,郑思维拥有7个世界冠军头衔,16.2万,/l?e=f9bb0V7YPxUy2OOidolLBChqqIUdTsTLE%2FF3HvD54oYnkDzsPSLMCcyuvv1%2B3lK22u9apo%2Bhb7UMXLFn4kpgz48aIHGU%2BmkSJVVvflUz9GiiRWRUhIzpv9XurJEYFSq9Zbm3aIotdv6U9yqSjlpwkB6Km2Nro6KkdcPSKWgmCZC2LznGJ5XBpD9B4xk0SFwpYwTXcI0M0cEYYQRqFYk8UiWCN9KfUryTPp65Qa2IcotJb%2FRuCPF%2BPoioQx745bALVzFZNaOrde0w8pR2ajv%2FGWELf6Adjl8qyxeY4nJwYCk7KJqYI9lCj2ntFIWz84Parh6MNcPld0xpXUo60Mgvcp%2BTv%2Ft%2FqScCUD%2FKOdVXeE7vVDj9%2BVJadg
2024-11-29,中俄第9次联合空中战略巡航,12.2万,/l?e=6dd4mPdFVK3aYgKRHl%2BfDLt5GOqOEu%2FybWZPf%2BnByAoAzLne2gpTPh95GqN2P3xcUezORS2C89atjsXESIcMmfAloc4IEn1OD0%2BW8y5F0UXqASE%2FKbfdiegK6s6GDHEqINYMFRL%2BQMQC4pxZh%2FUYR51GwsVx72gM3fBaG8lZt%2B8NqzUbjOJBRlWtgh7qSWlPA8HsTUkQzJaetAJg56A%2B5lmk6RW8OgPJLjO91aQzdBir7MT75eMXqJ5aRVb5fDJvz6GuJaKCregijFBv4LqB%2BItkO4nedDLlSMwUjmcGlMVWchPaQ2t5h8V1ks7BI6TjA%2BWhNFf%2B3nGE%2Bexgsk%2BRxf52dCXTWrnHGx7hn6EVFhdQ%2BBnNtu6zxA
2024-11-29,王勉 现在是个综艺咖,综艺 111890,/l?e=5d07MLOMD%2F0rYsKZvcOg%2BzbB%2FKI8i%2FcnLP8iB5kK4RJpq1S9pFcQr8TWd6Wm3bMeEFxBvvtsf%2BlvoGc6mt99nWvJlcNLGsRMkTBzRRhL9sUQHHEgv7bfRLNRih5HKfAXOdpPtMNoqBTdCVMOBlstrcWd1GJcBBmawHGAYVeb01QhDEwCB7%2B6JRvuRYx1rxaBmalEmZb22Ws6DWRvQgdDW%2FIXB1bRWRwp3ziiRMfvi5jKf51gvvItC3FyxxieJT0bmKM8E5NJtYlv2hHfHJ%2FPwcrkyhN5qTmvgYfIZkTNk%2BI%2FXlv0yGdY%2FcY2iajY
2024-11-29,官方公布冷藏车厢内8人窒息死亡详情,401.5万阅读 | @新闻晨报,/l?e=349covHnC3mXEP4GbB9zXw46GuDhWEmJNxPHv%2BWM85xdS3wfHbcUB23NVVxMWb212lkBWoslY83Xk5OeOAYAmxQ6eveoEEpbsmVzynhPP4u%2B0aK1oZ0Ao3m92ZmuDIDxsqcjty48szv21pwWt3DKWrvqBaqx781D%2BXKnc9HN8yHamTyZevKTbTQwWU87j2MQnWHLzWqVV0MRKvutsZVdbDJL0v1C2R4yFt3OkNOWcOLUCsz04IxJGUsC05DcFV16J9lOLWVWv%2BXSUf%2BJVErxSTtnbykDazFfiF2jJ1YjEgGJhRD4tHhjDVdnMVYUINuzmf1pbvPcF0PAdd1%2F8G%2FtRNO3sCfFoSoJTJtrrT6hvndfjyDM6i6U%2FSI5IlLZrt5MmoNm69NVq76CWjJY5RKUWMsr5ZRniz2fBiFBxuo4gLjBt9HwkcpTvr0cUbKvTOxEjj4Q1g
2024-11-29,欢迎进入中女造饼时代,12.6万,/l?e=0f0dc4zYIFxHoWwqY5KqjUrQTq%2BRtkGTWkfG2VsKSc9wai4fd5fG6K5nWB%2FWzLX4tBUN52VsM1cB7%2BNVx0Bb3zIReBoX9CBp5r6YdQRStxUYSxi%2FD6IaaRZE7suSPD3j%2F4P9OzOyeah0Sg7oeE9PYOSm1G9xk4JnxKqi6K4d6aGh5C1ofAwFivur6boOsShSs7BvWA5gZ9cELmSyQUKDlvvY2xhlLnq3G9z37Ve%2FZwnbhNvG9SzUwDdE2%2FHF5rKxmetm4A2rbtBHj48yyOdUtxnyqEMvMS%2FY10GyictNxM0LDxqDknnAY6BHvsZ%2BS9jarwXyQhZ6NbIL
2024-11-29,中国游客在马尔代夫潜水遭鲨鱼咬头,21.5万,/l?e=0f055BOuRzggrCXrwHZZG0aJGlSeFYbk4lzNk6TbesMe5IkX%2FiUKIeoYXxtURXau4z2JPU01GQXnoX5ndQCZHLlK5PdoQh8DVxOGxhMmqS8RvKeb4FUGtfBFH7CPMvKaEaDqbFaIS3M6jp%2BSWiVACg2oeF4Y2xsucZRBMsQMi58Zqv16Wm062289XsTsLtxE%2FocUZbqt2zKhgZ3S%2BnkqytuclFA%2Bc1fdUWsPGjpCvwJqnbVMQInEQGXkuv1j8cgzbyN7ODyKLaoHnGs8vI%2B2AeGhmNGqy8JRMzU006VGWZDUPQP0C9QqEHhWWB7RPMZZitgftQV9Ywb6B9%2FV9KqCh6eXZ7%2FY5WhPk0m5Yl4nXtzF16OqJKKpqGWdSYPQuhvySmyTs%2FwRb7gfl4ebBJmKrGkCWdtIq%2B%2FD38JMcu4hKWWg2poDCkARkP6V8o9GJx7o1fPp
2024-11-29,侵华日军日记描述南京尸体如山,455.0万阅读 | @央视新闻,/l?e=930fFXP1AlM01QryMD2mSpoOmbSgq02EIg6rTh2Q%2Bfunn63O37HDJMvoL3iTt45z6O65e67NJLXUy4FPyZMeRFU5VCR6%2BnyqBq%2FZa6q1aeDErabwWm27%2B1FWmDM0N6Bo4NK0cfFo9%2B5lH6swUVkeFE6%2F%2F684rdGeqlRiabY%2BnlXnYCmI33mR6Kw7UC%2FRzkeXt1tr5dz4wM1dQUhHEayX1Xxx2oAnHKE52wvQM4f0hfUrRufce2Ds3zPmAYIdfsXtaaQCMPK3jxTlhkzae3bzNIbUqWq0uauFSTAQgRpBd19O63Gx41PO9VX6pIKgZA86eicOVmRoEhfkdwoTAJ%2Bi97D26jE0ugCc0OS8OWgjzRr9SMD5OOd029jQHuARtx6HwMKwCSKrd610YLndgPUPM3Y1JUPG
2024-11-29,古巨基钻石败犬live首秀,演出 134988,/l?e=3bb3WS56yRZ%2B0zw4%2BGL155o5q13ral3yCHyU%2FIPWMRRTbz%2FyWT5lpQsxYB5RSpamFZQrgkH7up58phIt3SgGRJpPPu8wx05M13Rdn26OYf0QqpJBDEfDlI6JCHlXwTr7Qbtk4zLo1xrnCnBqNasr%2BEK4d80FOVbDgi%2F0EjrJCpkkDN3OhtdzSO%2FxetuVYthyuU%2B6lGl7BXSPPK6cJkk7V8OnC2XCMRHUXrGJciYYk%2B3eAAiRfMfFx%2Fua6F8DPEmJwyfMLXAW%2BvwxA7yvDNT%2FYPMZ%2F%2F5sv2GJnD%2BHnTno6%2B1NGGIUpkW85AoY7Vs4ig
2024-11-29,巴黎世家售出8天后要顾客补1147元,66.9万,/l?e=054c7xC9vpMleM8fikwQMXjzCuoX8MzCLwuJNvZTrW6lfiQP%2BfTfjLlHdlbz1rfa0txEQQjUFzy%2F%2BCJPeUUgHx1PGK3Njd9FnZiMPi5Gts1mwVETSEoSQrH2cOfZXDejM3g%2F3w%2Fy1T%2FMdH9RZfcxqly06SETJIBVr5Q6trMN%2B2ZopkeCTdgvgwjzw9VC21wxdleNc0rgbHWSv7r4loMBL6yTsNVw9xr%2BfPit%2F%2BJwHk%2BixhBRpMjOafnFVf0Dmya4AHek8ccsXNna80jJ5LXrTkEsFjoNnTCHmlFcORHacTU%2F6vMdeHRae%2FRi18KIRrE0TGC3zk3Ms%2FbpuQ%2FLxFfNjUvO%2FkPIXqCAdSWS1cEL9H68bvdS6NoUBpVXi%2BpFLsByYYIRU%2BiiNn4YCLo
2024-11-29,虞书欣丁禹兮意林少年版,剧集 137691,/l?e=90fb8VYzGRzwCMdYc4VQ9NCeJCe9qw4Xuu4pIfsmhV%2FmZZSRflYuntxJitSi57SqPBblUUH1MKL3hKfNNet8yBSSuCJe3OjX6469e6Rsb42fHZrjU7K%2FuXc4h%2BKhbNnhQWWSTpKnSS6NrMK%2FdVT35o%2BdvjiG5QliFI6iULoNYoLP%2FaHtsOunRj2OuApjmC3cxeM4iycKwF%2FcaU%2BsYm0cyG61gx5MXCNPzjPntJJJT%2BZ4u4VeQ2qwxG4qbop7AvhzC84fh7cynR5Ht%2FfATPCKc8wtQOdHwX7BiKriz%2BZkXV4Aw5YFuBh22B3aqzfPiHBjMnXZzZaS%2F%2FAkJrf%2BUDu%2BK%2FE%2FfBx8xzkm
2024-11-29,TES官宣Meiko离队,12.9万,/l?e=b8adcRXBWgJIx8baejKeti1T9KzNKtK1OZIbI4%2B%2BBIccfOPcNdfQrgNPI5Yl2yPNZZpBZqivGFOwpEmPGor9iGb2UFlEZ7FJyEyCF3MWLX4khJCnY45zadNOTJ0atXQ%2FNUP5%2FSETkC5QAQWGrLY3E8Ev5718d7Yk5acDGu6iz7VO8WHzHhOCeY4E%2FEGj4CaOPKIG%2F0vRpNpdeq%2BJeJp%2FG6%2BAZ%2FhUFPU
2024-11-29,唐嫣灰紫发色,音乐 110851,/l?e=073eYzk3bWjvBYDZAc25ucTIwm5T%2BrmbA3%2BC%2Fk9208M6KjBz9xIZHm0%2BapIQDN5F%2B2QgAymI5L81mVuTXGbmovtlkEf%2FbMrG%2BDUiO2%2B5HW%2BYzEfJKcU%2F3xo2rJsnefIpJQlVzm1P9Aas1n1tO%2BHe7E5FEDEksdtUupD2bPDg7PzTZcgXE2whan%2FlkWGjqYV6bWOd5jfbWRCQ7e8ZNnSHnhgjFW5N96Xg%2By7ESpWZr0w3PkvlQ0MiW7yUZDM9
2024-11-29,韩国人的精致穷,40.6万,/l?e=eeb2MUhlxh83L24gztdANnLr5PvXlJYos3kKZyJEUDRyTdF57dD2sq%2BEpqn3L7SiXJ8%2FKoJXOE3KFcgGy9JD5iMalgB54X5lVA4kJwEYYSRQZ8EhFYNGKPIwvpZsRxQ56iztZg58gs9Z03%2FV8fTDT26zsDdgOUhtUJx0%2FiE3WS0fjfUBq3d5T6rYPvlu4CIoFTRrePHZf6RQeeFuJNP3qhrraGtynlq%2Bo0qGmetkU8MHS3F3Xix9XyOqYv%2Bq3pXFCwqOPCf6%2F2v2CNbh
2024-11-29,林一长沙活动取消,20.1万,/l?e=7de5PMkYZ7jLnECDUz%2F9XVOV7soQO0KIlC7IdQucvrKwVfRAFLRqMFogDuXWLHpmBewSacITn2HdgWZqOHnR2RsnJdyqqTpHzv2EHJW5lvab8xxmGKgr%2Bz7xXkMH6DT0xxUM%2B3DXsDnOE3au2EgSnq0jknpwoUfxI6UNG%2B0Mzem6JCkwzntY4%2FfGifDXm%2Fn13LEgpRYvHR7JxmJgpbE%2Fo3GkN34QwKuoT9Idgt7BkBO213oNOJVsPqqHDeXJpF4HTBf9E4mg7oDFM%2BdH2U0jqJbmw6Cq0EV%2B0sOd
2024-11-29,年轻人买的水果半数是情感商品,14.2万,/l?e=5fefTey5VteFjHOzjzwk8d7hAYPYfg4zKEEyny8IHO1Lqfos2xGH%2BKnqb0GlOeH%2BQ6UAgOUXHg%2FHjxOFXj676CY1upHpLYM403OjqHVPok%2BNuQzaogOtuoRr162QbhVaGRWkLDWjxJTiLoUNfL2DfMZ5Pm3ZGbe9nj8%2FhQh2GIa2NatntHZ4q6HSzn6jh2T%2BCGfc%2BGsqycoXlpoWRiVVzekxyPVLVmwVYQrgNO%2BWNSJGQlpUq8lC26LPQwoz7OSJMU2UalEorX6GQROMUPsElp%2FRHiM%2BMUWiep2HahUxMSjz1lpnpCQdHz32DUhslkjs4S2NDziD38oEP4pmK6R8JNe%2BhS0A%2Fvy21s2XRZcD%2FsYt8yLK1pYWLd4kQnABbWKbCRWoyqp%2BBKIHhjN0dlZHvwuEzVc%2B
2024-11-29,林一霸王茶姬活动,13.0万,/l?e=53503VgikXt38q8X25QQr9I%2Byhf2lPOzycABzZh5SXQ0Hqo7jE8E1ERzINjiD1KuGZiq3XfnwUOj7apuLAVq4fKXWckeXdpUpFruj0e%2FDT2aLuI9jY%2FaAD%2FGdEK3zJ6p%2BV28l9b2TxB796UdEaZI3Vc%2Bm6PB57mXse%2Bb9TOMwSXjSMUdFHXLPZGSHmaxMjPsqwQU%2BKEMPyB4p1%2FsugRgzxpr%2Ba2N5uR7EERgijkcJ3WdORWSPChvUc6Bb%2FAz%2BvIuaHd2xf8ZJqA9iUestPeOXMVCEnz%2FoqV0aXe4
2024-11-29,侯明昊无处安放的手,11.7万,/l?e=d6ac5uIp0pmYoYGXH8SNB5nD4erLcRXcRxvD2%2BitcwN6cTeMW4jCn1SZNeEg1mS74v%2BE5bW%2FJlckrJ1D5DN%2Bv3LksJC3ardkZkBkjcjVV7BUb3FW6XfN1yuNEzOnxPjVJj97bR%2BLPr3fjxG2yaJ%2Fu5NErFh1xy4oIwYYrFCQ6owmMUTlZuWANV1NLzaN9ZuYuydQjiHjabiKFylzMHs2N5aUeed3hb6sP3dekAfhw7vO5bH79XMIm%2BzxhQJQZ7NaMKbB%2F4nak0yGfwwlpgiNbQUdkW0ILwGFHjHJgGwaGbgU1wDbl5ag9ynZ
2024-11-29,上海体博会真的太好逛了,12.5万,/l?e=5b7cMgWe6I5av%2BT1CgEia%2FryDE8tlsmivCOsdYKPEKT%2FF8VKzCSlYAL%2B0uk7soWK5Jx2ywOh17cifqlCwIGZkK7DGl%2FoeKmVqB0VH52Z6LxvJ8daLWwO%2B573NzOEVUFLmlM8f6HEo66jJlcUMBto26TzgF%2Fyp1gv6UXKO1FPJWha%2FidmKs0zXbuIWBeahwtGa4E%2FMunHVBsn3qjPFBdBwetzuQrW%2BPEy6l49IRKKWcnWzuaD8TyNRe2ZWY%2FMxi4yBySrrbBo4N%2FlB%2FTgZwre3Xb72atAelEW8O4CCJiE%2FzASs5vRUSUz0m2sGzoiLYFESxSM6qkGoNqnjYt3XkvwwH41xEDyrPFF
2024-11-29,容祖儿心淡全场大合唱,综艺 134258,/l?e=c09eKG%2BeTFqw0uJ4breMgUSbZPGV6YbQ2G%2B1rBBBE%2F9eBSywMo8mh5NkaZUKz3lIg9pBp%2F4Brpju4ckXXFqsn3HXEpj1U5NHpgQhfJRa9maUnS8i%2Bht1oYk6yCEuv3aK8gY4q%2FQ12HBsAkghd85fa8qG1MtUdHqp9Yzigkbwo0Hazgg178A2beQ2I5WFBGFWd8Xhp7m1xaEbf22EPCjRIlkEcbl8QCb14mPVf8WroFHrzZlQDdxxjfhFYc3QlSJAhTEzRIjxaecsUB%2FutuA4D2z0XHZ4DPJbfs5p9t9tdpEeaAs9%2BObXJQrjTMhuXY6MYqRZmwlGHWFP
2024-11-29,王源头像P了个新帽子,17.3万,/l?e=a3617O2yi9k3%2B1Hl7Vyq%2FvImFhoOAJ2k81qs3g0tbwtsByBBBtw1TxzZ9DkzRaoSQlvY4faEgm2vPiKobFfrKzHdYoLDWi2LYIdRv%2FL54KhM%2FEug3ZZL%2FLcHnj6%2FjfaFzAJVSV9rtFTwPw5ww262PpKj9CjPf1HhOvJmsphElgSK3iutueSkX2mQU42wF8UOLIooe76mCwZfmxg8DWGGtv%2FZLFtgpO8ykKO6YyJrSM0KRazZAE88srGKB0mqy9yEPah2toEn%2FmiyXmrXsDZVwpMymtiZe5BxRSI1byo81eDZj03vqdjrYE2AxQ
2024-11-29,再见爱人4第七期视频没了,综艺 334653,/l?e=f055V6teJXJ3ri0SxxSnh3ESMZL3a3BZUcVzXrf2wPavyymptEIFNesnoE2BnzRxUmr0jgL4SRg9BqEh0GwMUOShdgoWm5Nlpf5cWFGXJk3sAtJnIKJ4Q2qp83AOXO7QTtCxUkD1Uubao4UaiauJy2PZ5sb%2Fjnp2c5JxbV8Lrr19V1lAG6k7c1W2sQIS2Ux6Wh6IBbGYXSWR28Og4fEE0MuC3jYMMAmK16UsXxHBZsqfZTfilz%2BirAVWRwdZl1iuzwgyH4yadpNV59ME2vcJQXPGOgUZ8slHQxcAM%2F0hWa35fU0oec1CT7fjBqzQL%2FIn14Bxee34iv3GHSbFLvQfOJkTE11NqI792g
2024-11-29,优衣库创始人言论争议,19.0万,/l?e=31c4%2B0xC4GeuqjoTkqKehezSHUefzQUvnlqBqC5RLas68nC8dJCNQGGBbdPaxLEaw3D2wkWv80qrSY41q424DeG2ajAt5rvHreP0%2F82PNlS74pEx5kLl1U99MADfR1c3M6Rh6XnJPKmfXH3oznZU9AtQBYpK8xC1Z5n7EF1J5hikAmeDVFMWW2QtZdtSngqwd3Zafp1ze2L4OstIT4aujxLLG5cqFijAijanv0Kk44hoMWHF7ui0nV80qJ8Y61kJVnwCM%2Fy2nSBDDH8k%2BmAmIpGKXezWj1LRBJ3ItOOVLKslHAErUP7hTA0%2FOlorND5m9WFly0hludlC
2024-11-29,丁禹兮看人深情是因为六百度近视,综艺 132684,/l?e=4961YQs2DIw0q0JccvmIOAYQrBMkpJjRF4kVIC2MIBpOEynlMohcZ%2FuetbN3TOjgLRp206lX0wLBs6K1saZPUT3JxI8HpTHhEju3v%2BkeVQHZxQbWnQyad2pfiYUCC03vFP4hLq4IJWOvy3qUe8mcPS70PlsTgEcraw%2BbEOjnx7IHwGxTczSkf1zQ%2BoZlnoa2eobTpM34t7DMjouLkQ9Oc9EHGughQNOKjyMTjf17OievHC724UxxqDgGQ7Nt7iDR88KozMVDQoA1a2FS1R2%2FXoz40ygewiFtwykR5BpXwSacYBMLbkH6ma4WX17gqWFAUTIJ5%2BFhmwcZrVL2Vij4JjL5OywCyeU9xz2L6MK2%2FdWcOXiL21ShJZMG%2FvP79%2BHj9QJc4dtbdMtPtdX3F0eCB8OxdMk%2Fon8UDyGVMyvS5NNzWsWI
2024-11-29,奥斯卡宁荣荣 新还珠格格,剧集 123615,/l?e=60fabPtZqe%2FiXttJsmfFUh8ZyBEu9zAZWq%2F2IQX3XPFAK97agMU1QPK2fmKMghbBoz8jQnkmVVTWPlUkmJMBIYeTf4EkKQRrIwKfIB%2F4JqjMSqpDaIwviXhCA5sx7M%2F4vfuFJa6Dx%2FKLI5r9rRnItz868mxJx8h2il9DP7PDpKCB6Gys80Lab7RDfaK%2FauI2a2LJBwtQHeCnl%2BfHjhVJX%2Fp7ZCi1ZU8Fgh4ORYeaT0HtlRHQGWGSs22%2BM35fRdcOAoS5cS6SjrjOeciFHQSAy5XPPAtoOanbYeuTiHNgB%2FDnJ1VHe4nVq5P0xnT06pXKB7YbGMH3WvNqMAyht7aJNyGjmLnZ4n2KmcxM
2024-11-29,丁禹兮 包治百病,15.1万,/l?e=638b%2FVFWXlgbOtiQrX7k0nPLIfo54U4DY5%2BQ7N%2F4M0OsKwVyEdOmtf8DkGpTuMiSaG9B%2F%2FR%2BVfiT16lW7tdUmy82ufa4NfsqXyt%2Fj09PVysCcoeaxVUWS4L8VAzAWQUnf7C%2B0yaXrlXcT0HPZLiQTqhuToYTxRL636Pah0abFSix%2Fl4yo3Vaf8iEXb7OSTbqUa1yujQP5Mg0XCz5VbyIE29WSVF5vljFJ9Q9bfld9N7km%2B81AmMQ8tT4u6lyqp3CkcfS47QxA6MEwOBfMto4
2024-11-29,孩童被未拴绳狗咬21天主人未现身,297.3万阅读 | @百姓关注,/l?e=9a3btTGXK4A3Hhtle8eexXB0R9zUdt8ayeJZEfJ23wWxwjYk0gMa%2FZt2klMpFrs1zOsZDoIvFqO7VIwS%2BtdzanjVPsP6jvBDbLWqOHos2WctNbUxypD69CiTH4Ix8NhQ7J%2FNoR4ehPsdr5fJQPkdvHOiPa5574CSh9qJNsxXpWZ2c%2FCaVCW8J9XLnypt0Ypt%2BEFDzYFA5ellnWt6cXM4JHUlzTc5qb5tIS7sSvGGvcGXrAuRflEiY3Az82F1UwyXcTLuE2M12cXUSIKFx8yYotILkx9qcXWis8%2BCCGfPlKxqmsr2rvvRoHHIrMEqDjwGVcyUWVkfznWwIbw7r7mge6yoQKT9sKXLl16fuHK2advooYD8zM74KZNH19ObHxEsT8ieS0dZokGgHnQIeMxWHWr3oQL29%2F0
2024-11-29,MRC对战GW,13.3万,/l?e=f5a3GWiNbs3oXNcaqdUHHLjTTx5vYAvETvE%2FZz1ddQm9BIkeXHTLeeOYONjlC4lm9UFBpwwqYI6ZVdZE0PqF5fCkdqlMhd94PrJ4wkoAvCv1jVqd2SsnJquqDmUCqoqsrxgq7lKSs9Aw4KHs16keRF0Bo0jHRqXn6qp7nWOpLIh0MjOvhVM
2024-11-29,有毛利兰陪伴的夏天和秋天,18.0万,/l?e=e8bfTdmczOV5YjocCJSLiX%2FOiDXxaibV94Zkp8g2EoB8Yjh3hdPOTKhVbFWb07FGaSEIuSog%2Fes%2BMa3aJuHOvifeZSjznvNVbTCkUIzg3dAE%2F3gJ%2Fj3%2BhJu6UU21zunwhW1c5RUQqWSdKjv2QzLW7EuOVM5u3VMlTURNd60Md9MthfCxlFebufOQLjWJTSPaN2nh6eDDqarG04Kxj0K1wjrFfy%2FIaXuB7ZOb5Ym2JReTTF7SvwDP75MSQj2U6fp77grmBqILqeItntO32Aa91Fi5dRdvt16O5jF8KdVQWStLxyU0QqjpUHFZDiybVO%2F5zpxADUZIG3tgiECCuhWH%2FrFdBCUHUZGNUvluWsrLULmevcck63jP
2024-11-29,南宁一家长称15岁女儿孕期被砍伤,11.7万,/l?e=79e43CxDmoue0GtiDH6QtVDKSrVB5JfM8VdKHXE%2F2nFLzDR%2F%2FIPP4Js7UyxlOlYYUGIINor18XShtWJKUmmzOfHMQG0UqlG78KUUNCCHEY6OwCaUPKbITHyrRoT5XzVjsvNPpirSxNl54y0GIMX%2FZnePrgpToAxPIpc%2FvFDF%2BjQFwmmCmlQJwqJ0thwahsRaKS0Jk885bKiG8q1%2F%2FVe4%2B60FzoXmby%2FFpsCshr9lnZee%2BSzETdgiem8Q4Wp4GmMHWVcgrIw3vCbG9lzTOSrQsJE6%2BfWb5tBEqUPgzTI9bga9ptTGkypcP0ric5nVJhJHzuSPGVL30cQggY8XTxGiPIYIeC7CLhyIKukqo6w7GF4aFhpob7zYG8Qk5%2FjjEE%2B02gX7q5qeDO9zeuUmVk74R0%2BcDvuNHco
2024-11-29,杨子黄圣依 人设,综艺 110717,/l?e=6606HoWPd%2FDYqLZmMjircM6MzKCiPwGIU%2BCbMfQx3AiIq4eOPb%2FDmw1rqqSKeH8IfX5rjeMT9tbmAuL3CeMuNcd8AtmrCfNDVTZ2Sm4HkrCx%2B%2FrerjmdF2Tw15pKlVKOIhm%2FfO9hxWHbMxUIeKutYRcs4dtPEPct4ck28G0%2BEZpFRgPnuLKw%2Bfl%2BljNktuE8bVawBW95KzjnVHI%2BqGM8PPWkbG15v8zqRxWQUxGl0Ngzt%2BWl4rkrsnzurxktvrhmfv8e3L55mlOTtgV2rOfo
2024-11-29,张予曦 初生天使,剧集 127019,/l?e=6063yMzTD9iWcAvmbow%2F8q7VF7fHsMzqX8QAE%2FxUOp8VxzTz861MB0lJqGBMGWYt5Px5LDtQiycVcxEk2CoMEUH3IAgu%2BFWini9WEHghOsWkJEaESwcZNmugDLnv07mpnRQF%2Bx%2FmzIxVlC1spSN%2Fw84ns8GRHDvMn0ExuCbBAq%2F2GmCtIr2iElpOjLs3amFfd3UVw8jI9xK%2B8IW%2BNDg48XLBZAIMQU30%2Flgc20%2Fze5SAfTWig9OIz%2FVAFcRB5uXY%2BrsYYLthf8snjeJk4TAc
2024-11-29,3人1分钟抢劫金店价值千万财物,15.1万,/l?e=ca73iwT9VlDFbV%2F52dqChUaPXkgXxtwMWC%2FAQd6q9O%2BdVCqMiH%2FbHZVg4NBwlMydEvV4bVr83ok3aXN7SIGepPsLpxTu8Y7R6sQT7EOw0uIQ85Tb0sJ9ADTGEMZ%2BUmAVw4JWE7zSp09IgcEdqvjWidmBgwb3ON6fblm0yc4HixdeRwRRTfo9qnC3cUDcgsvA2DAHjAJyYlePH20GuoPsvR6CDVMIM0TlAyJIlEjrKTa7tN%2BNbh8RUGsnbWHMLKroCimqLro3tdYpyuP4HC4v1GizVKrY6mUqkzlwo7uQRI22hvg6IunOmQYzhuSie%2BzEOPa4DgBKdzH2gHWq4WJt%2FWHOLB5T%2FT9d8wEI2T2BA37B82nReIhl8WOsvm7TmyswahubydeFGu0
2024-11-29,派出所回应山东一金店被抢,721.0万阅读 | @大象新闻,/l?e=7a16pCV5BUQGjdjCNGC58TR9VacwFz0TEnAV6UpNFNeeBxdbiZS1OLhc%2BnWy8RBWKUziAZ%2Bj2XOp1MXBXyLdTGRPHCLeCYDFi%2FbdWO3EmM1hGEwE%2Be1Wl4fUVbMosVuDEUieeLSGNLaPutWt44koV5dHV1Msm3jw%2FXiMhq76XpN1YfVWjHoEuVohiv4EmZeF7lbXLjF3ztbdQZAMI3yTVXe4cIOlPOvDno0YZPg6vJp0RhuGpJ9lnkPkykwMefwEI5xIBiZlhZd2Olf4IZZg1PIeumj8FcsCbMPLjjqS%2FFRB3mI%2BcEiG%2BML67BEt0YuxTMZ9xFbp5Q8LPBd%2BfDABzMP6DdPYkCTHX3%2FfoocKBc7740okH2ZH
2024-11-29,珠海户籍居民可一周去一次澳门,1021.5万阅读 | @珠海特区报,/l?e=9faesFdDCp29f4pOVt%2BZzkWhUXTAc64DBwiejzzi7uFvthiWub7PTPOLZuHM90UtdiLHWBv7DGgrf%2F2mJ6dOZJ8MDEQM6rFofXf3bGUTSrYfxZDQRCFQWZd1Fk8xk8QJ%2BcDImJTEcaiC7cJBCLw6dUD%2BkiluwmYfbsUMGVf9EiouS50tzlKsuX9b6%2B5FwHmMW1U38ZH%2Bx3abvikkztZQel0yZw2qNpsvX5sBKcjv%2BLWCgwNTNyJGYgSHRli%2FdveKmubWEYmlkOsG5d3PdVvRBeO4dqTmof0AV5V5E2ww5xMIdMu0BO92CVu5pPkLN11iswNG4NGMU99wVjn6uExSTjuw2vjchsrrYtKBzbJgWjMBqM7%2FsMr9wpuo4U0Y5YgcxhU%2BfSv89%2BUyEVY3tUir%2Bd08Hc6N
2024-11-29,蓝天救援队辟谣外卖小哥海上送外卖,,/l?e=7554Sg94BI6url%2BHpvgSn02uxO0Wr%2FjAuRXFtPHnl7V8U0lxV12LS2Z5aGk9wCeWqBqnTnRxOJpLqH4AgGuHj%2FWTN%2BIUIyaBXfAfu6BOOrmUkcP5ByChW5ouUEMgqL3DqMO%2BSu5qbmPS8z5xzaLWOzrQZSijxSeFcEYm%2B%2BfritzHL46HUVniFR0lkpFs3Rx8SwtMr0VOCoY%2FdIjRrCbHifuRMj82EyvGeXu4h60eXc80NEu6q4l%2BNZ6gw3S40ygxGHEsvzk1vDpuATr1%2BetZVRis%2FdzgKpKYUOeZoY2pGkgI2NJjjlSA6ZXi18UzKKRZDWImDdRmIIVY42uKkFZQNZdne0RGDewBZuTl5Uj1p7qecl08%2FBsxAzLyZ4tZi9fOEPmBgZN0f%2FunSm2DfcRlHug2pjUJ%2BTAoiW%2B5bs%2FqANVQUXR%2FWcc1v23MLpYmzrpjS7VK
2024-11-29,卫兰她整晚在写信,综艺 136195,/l?e=adeariT%2F%2BZgZNTIA3%2Fdl1NUFJ8VBkHZc4X%2BSkL%2BOyeOFHOHuU0IzgasQtGyZfSELYqGYgoqBSs4bhsO%2FmR3x67xm3PIlQJ%2F4oxa7HXtYjSJ5gcAZJMb3Sipju5i7AFmnhdPcKCekgCFrk2wh5xyCiQumCNeaGEs%2BCbUG38oI8ykjX8sAhrW0%2Fh9YZggO6MJW9Ih3xDkyKvDfhq7a62ltCLupA95dp9Qo%2BaMKyQzP9rh8wrEkFAxa%2BWIen0udSeCBHmmeBBupss9lmbA%2BqOAxFkqN%2FYpMhaUp94MO
2024-11-29,鹿晗好拽,37.6万,/l?e=309dzz2x1gRp7xYoZB875qKV5%2BgEAlV2pNfFaUErzF3dXbF2DErH4jpW5AEQIc8%2FXEqV%2FxTOqD21OpvoMPbvnMGBlkow7hK2h8BkeKU77oT7c4Wc%2BXtGLHx2HgQwww6RX%2BKJDVAAFBKhoAH%2FWbK2hg%2BuUPfPJCpQLxaHF8g6H2%2BV0ZHUDZiysq6jdvWbO6pd4gQc6mTYFI5UAql86aA2
2024-11-29,108是法考生的幸运数,16.0万,/l?e=77baRSL3U%2BDLpZ8yvgxbFAMIuUUpufHwpuYURq9RBhNvk63%2FVs11EFHR1skLeW6HRfTwoQce2K0cv%2BTWWAKmz%2FLVY0o0oUEO91dmndQPFKHQUmiP41uWY3sLZRoCufrOtZOOli47IYz2WJCzcUeqIraSmujMDu5MT8KKQIzqADpurTzbOB3nVLscrKnGfNF5n44sTSzikskW4A%2B%2F2v2kq4X88P9Nj0%2FBo%2B8z6f14DXabUAAE6kZBZT4cEKOcM2Twdqw46jZj3pcxGZoeKQWuXnbAJaV%2BgaGG9oOUBoyB
2024-11-29,NewJeans解约发布会后首现身,16.5万,/l?e=9417FUZHAy%2BYmnAdxbfl600Cx2pATZ9y3hnMBJe8SwgQEjqKBf0I%2FXigIhsbi%2BMkTcddqv%2BLepNYLFUKIV%2BH8Q3c0g3kLe22GuBtgF7RikAaaxAOnURCsTg5WwyuuwL79Etvit%2FR2wywniXO661GlcC8tF0L49hctu3kgg9zou13lHGZYxTTj6OjYYLrhom6vDzfVyqz%2BK%2FtmWxdeo%2BKvL7pk5sDph5qMd3vVKxndUL9Yf6Lid091YVAUeBETePWM%2FJMO1hfoDrydj1EnyNSZcONjzkhMw37ZksUCyULkcX0zJi%2F9AGHt3oL8MB7d1oOBQc
2024-11-29,唐嫣COSMO文艺女主大片,16.5万,/l?e=3c08hq4TIFhONRFvgEFys7X8i7%2BZdKsq%2By4Pe12yqsRFhwwW9gntUkAA7an2L7y09E8edyDf7IDsLtR8QIjKCB8meIoVJiUrdwBJ3GrMC0IWfU6bAqrUFDLQ%2B%2FM9IM8Q7pTXqSzvtc%2FUewlyY7HD9C0gCg%2F5ZGE87jjMfWzMjbeeQmH1Wh9j8Sz8oiiUnOT7v0E75EXPwZXx4Pxxp053%2FsDJZQZeIjja8x94Fka7pG9EA%2BCWSKjLihoQRekP1wrlx22mpKt8T5ppHc42ZG7f4tFNsUc6whsjWOFFgbU%2FspM
2024-11-29,何洁时隔十年再唱rap,综艺 181138,/l?e=0e28UaeMeYwIvTgkLS%2BTeyJKJZCz6hwswIAJknaJnKqpiehPTDT%2F83rtwkJ4mX1yW6Uhwi7XI4dwYYLCjl48FtfxTc%2F0ZNIDQqgkM06smQLEcqhROz4XC%2FF%2B5ZvnB9vU%2FbRUOoUa8fweNvu4ABMjI9iFDH2LsrsOysdO9sIFCTL8StpmffFZ%2FNzTPcT1sDo2aXqxdfkGXr6gx3U%2FedJa3%2B87jWsrVnQjeGrALpFm8G8ghP96D1pIMKcVgAEhOXlnzjMvEzWF5gbHnpiBaDcxk1iQmUNpjKMZZJ6kDWOv
2024-11-29,古巨基cue宋亚轩,19.6万,/l?e=f3f0UP48EdBHQ1504R6PnqasxqwILhcL2IgsXeqLQSak%2FVXeQZWtGutjfMkFXBFPxSsXifmgBvSQ9GlXbmEq1bkKZPU9PnOMokxXeqnxR4P5vUEDvM0n5vBj7%2FQuGjYQ1O1UtYYDQU4hEwEld5GHZhjqGri65E%2FU2HJqzNK%2BFbdhoicbPSAp9DaoNboq6QNWCfg8aDODuTYpZqxoaezKh0U2k1PoBaXeSP%2FuQXko9vQA%2BqKPlJMNENdAibaGH1Pn
2024-11-29,WBG官宣Crisp离队,12.6万,/l?e=0972Q5ZKD2yD%2B55pxu%2BmHKmyBufPLr9cG49ml2dhNs7sYA2ZSNUqkbrT5VlXlY8WJn1yC0fGhtDtYAGayq%2Bn9cV2Yn%2B2exNQgKUoHaH93GJ4rFchXp3O8ioR6oAFQ6tf8mlyMzrOPVqPaqWwK7JwKTbV3WYnSE6xC9XlCpRJdiXS3xTg6TE9YcKOR6j%2BRyz3sJghdKiaXX2jo7YraFLOtZXvGhd6HMU
2024-11-29,11点05分是郑思维进国家队时间,14.3万,/l?e=94ceD%2FBPUeTp70Xe7o6fY9Q93r%2FrroxeDY4lXt5n4EwY20KPRe6EWO7orNwevoXKr56rPVrOuCrBRzzBDANi1vtupCmsYgCWA%2F0i8himZRVTCDSLLL2JOFkBLFrThMSjk2bcK%2F%2FwJaA1e38f9SbcZUzFpQxUckUIp7nSWEn15Jqs5WL2eaEfE5IT242uK4JHWKxIW4W6kD5vx47sLgATTfUilKJsQQjqn5krdF0LLebNGqUjCDSGkDRmq19F8d9mzQVxpFjC%2B9S11jt6w%2FeJSv9qcVPfYdjeFdxutw0tIgYcPXABQxVKZwdW7SSLXU0BKsHtiOIASQmyShUvKsFNjel%2BtHA18F%2F502Rr7UFr2LL2mXN0KTgaUtDSqw
2024-11-29,黄雅琼回应郑思维退出国际赛场,30.2万,/l?e=673e4NCz7NeukaCXTDN%2B%2B21tWrFMSfFx%2F93YosuBAzW%2Bj92PqXPLpQKQvBLHIBtddJL9q0UKHZ9nd7lhf9c%2BMAiTUXuDJJ51XnNVzhU4jS6aic93MMwDNRcDEweYi%2F422R9VWQmGtcSXBQbh67WwPvQjLF4RWX9a5JhIH8PlEbwpiNJTT0afzLG3QBv7WKHj54rqXr%2FzqRdOvemylRb7wi3mLIj%2F%2BAtF8PkfG38YkimtrMkpQ9L7M1cOkfbu0Rk1cJiTlhCNmiKqacWZIBSwgd2ziNmy3sGsePBIEGI1nzhrFLLXaWn6Yk%2FXW7PxTCE4xmwbX%2By%2FPgdKZi9hCeVn3mNgbdEE8Gyp9S4pgGUq8epPlvSKAA%2BMAkx6YcG2GH3htkWuB5sRFl4TULclplnQl1mcu2qR
2024-11-29,中国奥委会祝郑思维一切顺利,15.6万,/l?e=81c6oI4SPX9HMcxP%2B1BmwoaJ2Y5T090HgzOH0OMpJHMHp6WKpj9lFsUtjkKj2bgZapaI1TZEBd12xDwu4eqVubsu7tAEe2AYAMdBc6oeLKcR8asuMG2idzKHlBqvzRsw50Bmu2ChRgqru9QJLE2RDP%2BqrsqNVgiyGcSQzd0kINviCuLHmbGSWDaj4lZS0S0gOAPJU4XdxIk1yeoEQCavybxskwugchFbQlkUkcb4kR2bjkksQtKR8rVI5HSyoI5bPGNaRJ9vxCzh2f44PVickpCJbTl1fbYrWxt%2BpgYhy6FaanAexq%2FlT0Xu%2B5TquEFzvooyO01DMc2oeCH6e6t1QsHcwgSBKI3LHIIuLmGFayG42Vr10DDvLUW1Sl%2FVKlLOiIbxkMBC
2024-11-29,陈少熙预言家,11.1万,/l?e=0004EGviuQUoqSqxAG2ki%2Bxr1Sh0xCm6Wmw8fssxR9HheoiC0Wiiw%2B3SG3UWyd9MjzuT9sHqp5bNERIbU2aAqToa8tpnpH51tOnxN5hxJMaZxsIu5SoxqtpnFmNCiG3vbR%2BbpTGXTDKlNSSJh%2FfQozV4lhWvP9E46OFf4ZNCKTSlUCFQdzSQYtU5tiIn02VysoosiV2nA531ApHxVG%2BllI%2BdYJ1EOCbN6l1L%2FjYgiB4Y26ht6J3mNkE55bMA
2024-11-29,羽绒行业人士谈生产内幕,1315.1万阅读 | @九派新闻,/l?e=920aurYpKO%2B5krjCY8DkX4BhiKRtk3YCgQoewA1DS1gavXuR5ERVLwrLuDjsyNYlwgm6ydvIH%2FRZWIdJpz8QWE2Dzp6N7oKKhR54vp%2FgWLDAJpMa%2FBtiiDDjPMN3mU14A%2FusrG35lnmhq0zilh5JnzjNNUVqpfo4wvKVID7fh2foxlbDwySqvK34ScpVlro5PRxq4zQyrzamkeJN%2FnKl5PTQ%2BCvAYsEZy1LsqSrgBEpoyqrPwdLegpm9c6%2BkQrOkOwnNltxSm25OYx32hYbAnkko7DlNXzBu0mHN6YcLfLtCh0l5kXGq3AFoq0Y94xloXFmC9WnSgoSqZ0c9qd8%2FGg3cNuOygW6T
2024-11-29,官方通报学校食堂吃出青虫蜗牛,511.9万阅读 | @新京报,/l?e=cbddakBNx2V178dOg7pFOgTOc42qM5YbD7PL5cLQrPdVWUtHwibsWV0yGOh7IUozDCfdzzuyZ%2B%2BMsfbgVBZu0RCcVCKBelggbcSxc95co7e0TJYWAlZHnbOSNb72bSAuHptWfEmCUWQokA1O8Vm3gxIavsBwsUoSJx30C%2Bg2etSjJE6S6Z0lOYQu%2BQNOcqVIWpcVjIkY4RaHZYBZqT7awRQ7RLOvPBWv9GTZ%2B1sAZUB5BjVBZtHmPzIar4wm%2FyFdq2ToAatu5Wm3COci1jz3HWLMPLn3I5qAVH1OGNjrCydySkB7nMgwE3WEWHYgXWLnvSssytEsed88pf2vpEjyplvbPFWZftTmjkppb85oW7r%2BuP6ybRdy0Qq2oaqtUwq1c3hTnunMem6c3kUq1C2bbzAuJJp5
2024-11-29,婚内婚外老婆情人饭局修罗场,剧集 116034,/l?e=19be46wd9GUGrij3LbC23quba0ulmQKaR1UgQBVShASBlZAn3S5B%2B5Sucu6kswtXA2BaFo37S3B2K6m1q31U%2FGK1wIfW3bILC8hu%2BEKHh2S3SXksCK2HDEnDFwl5yJXrXYFnDQGG8WrKFsATE1H3RV%2BVHIhvCsrtt1Xnrl%2BQrErihV687UiaSnbAYjp9R48hLtF6G1SaLWUNiAqSJbzqkPJgAmZpKT7pU0jxMoxdBDcjKiBhD4Q5KmWTjdgSjEPZdMNUCMUO2VXo5yrKtMQUz%2F2jGRWHNKYEbw%2FAk7E%2FlBbaKUBIlz1VHNlHGLPI%2BnjWIdPOYTwjPyVS%2FBZwKEMCSXeAmBTFOFOH6Ggjx13bwOepedZqAbcVgv70vGOdQx8JMs9SUvK5
2024-11-29,Puff和Langx和解,22.8万,/l?e=6e9bDsJfgKGh1sIYTuhOkdtDmdbo301TpNNSIQFbzt0n9qIHCbZ6pUXXCelyHp0Q0FWNFzKrfhMYs101vxLHAwKvZG9cK8p6cUqYsFROuFYEp7YbcEVk9Ggp9870vXoGO5nZr064DbZ0ZN8p%2B3WfdbGvnckAGUh8vQvMWqjwf%2BVQMBN3v31373bnKC%2FU42KPXQ1RaQGF6tmZ
2024-11-29,国乒备战2024成都混团世界杯,12.8万,/l?e=9c15oIP5Z9byQFI4eQ8PTABOLrvUL2v6%2BN7iLqGMm9bN9l3QZlL9OrXm13CZFW6o99jYke5c5MgCnreR9azAnShjfVhEphgDPxyhj09qUQ3sHsxJEMgTOLa5EDSMR%2FKUZlfbCD9wrfkHWfsTvoEHPIzFePUirDMRSzu9IQ4MYgm48a78LgKlOiPvUpyXW9M1JQDASWZeNkBJTW5M0i6hRvlK3z0NCBe%2BOkdhzj1pfCqz2UHXvgtypKOdg%2FcG44ymvDqXyS7zjoUbjDlP8Ar1Pvoa1LJF61uhoU8KI%2BymxG0wRwuWVL%2BExTuz77ylUjKQSfg6Rw5tqZTfP8bNG3p%2FyVKyGjjc8zY3I7mOrg
2024-11-29,苏新皓我记得那天阳光很好,22.6万,/l?e=73c6XoZcbA8ivieJ0zgteBIp86Q%2FUkXe0kEDytAQklsHlbCYG9%2B6xn3iuHO9fM30D2nDxBJvlDcW2Ow76Mx8Mz8QnOqLFdwNXAcZjMFnv1waYhZz2RFxMdf84LvbY%2BTqjf%2FC%2FL6Tfgf8%2BjesbN4%2B%2FHWgFMHUZGVtIDTy7sXxWSdoXhswRT3RnTVMxbjwqve3XOHT2LLxedwWJk8wN759eke3pGY2vebaC0JKxHGY8QkEAfF%2BvS5wR2EmO7iSAdd7pWYLRpj4Lherg8gbn7b%2FqDEBY0SaKSYLIbR8dpgGGESKHbTTFOGdy7FMXQt3UeMrqaPI%2BQp0XCJjquwD0U8EJlwfckWwWH7Br7dwQzTq4XXHVE10HcTR
2024-11-29,金泰亨单曲空降,音乐 168164,/l?e=abddUby%2BiG6%2BerHM6PJ4yc2N%2FjjmGWsyIW3zL8sx%2FrVKOUMvaAuZA%2BgfQGgtnjh4cqBEIdZpsXtL7HqqDb1VshLn%2FMZlZ%2BZJJTOObSLR51yJHT8kE%2FB15NaFnYCEoTLmhbLbfzuoOYZYJ3S9d%2BEHwIPHqdBgPYLWYWp%2BTIqcR3MAm033%2F9B9AmspB%2FnLBLjYwnS7SZWPOywfxmYJvEb1tlhaZH9k00pPIo5SS2XqJwD16KwbfQrgJegMqFM3QMbHWf81yWa4aKtbmyms
2024-11-29,唐嫣粉发未来造型,16.1万,/l?e=3774bf6GeE%2F762rRqPerjnaG6%2B6NK3Bm8ZXOjsrQegQjaQwOYRFItwxE9SVhHTCv4QTD7%2FuoE2j6i3uUN9UcKlnQ4oA1Z3sJrEWDC734Aw5WaDLYSSfYLnkN1AtNdP4ZOFXekFdg8JSJf3C36UvQB%2BQu7BBfXAPDmEO5N11%2BpH6Z9qJ%2FIabxbudB1IRmX%2F%2BEq66Tn709elWuWMP1QIB9QE8J7mGJkkeOCj67tlO%2B3ZrlwxxwiuYyN0rCCr2soGtil5xCi%2BZWm%2B6HWKQ0kqTzyu1kBqbbHdXXa%2FJi
2024-11-29,冯绍峰接想想放学回家,20.8万,/l?e=4421QrWR7vxce1B1EumYuHQxkJo9Ly3jZ1U%2FQqNS3ynb0ZIO%2FTgSDPbrpHQbw0oZgLH7OFNuahibDLE1bWN%2FP1Ajto0Oo65luWmLYlG0nGkhU8bygOVcgM4a97qhjj5szzKvIwauU2U01EUy9aDjg01%2BBDSbDVPD0mvB2ApMqlKbB7elSZ8TPeQ7ttlnleCF9cjKFH6ZxApzRoVsYBMtH0asY%2Bc%2FMwrPBRfqmnoyg17wwMmVXhssjgUCEjehXt4iZh5q7vibgvR53FD%2FHGKVavO5Vp8aVR8vtZ6uZXUWl1gS7IJpvWyunhLXNRComMWv7zuWyL4tpnzd
2024-11-29,冲锋衣成顶流是靠什么征服年轻人,12.2万,/l?e=1dc5zRS5H5wWxhlktP54GZDLsOXhyd5XhLytrBcORvqgzLglDXfIAfdw5Bj7b%2FzdQbvcRkzOOkueKzxKEqUgNuCWrkMOdxvo5d6lckqyexKk045MF0PsTLHAtnx8Q09k19ZI%2FbEl4Z2oH56bYexzYDzpFtAGFHD5QTdvM6RL93T9ANsOm1JQ1cjg46qs4x0ERf6BrPN%2FO0MpsQooB3a35isY5xo%2F3f819TyzifXSZ96Q1CTxT3uLI5jPxmNi3M4rSDoY46D%2BG6AhVfhZH8aTnY%2BQPX9ghxGKh%2BGEc%2Bm7C6xS5l%2BxD7bb%2BUwJ9asr%2BBHVNSBar0XiTVvfhxydVRuF7on3zK2z2BCXp6bvnUCB5zSzn4gexkGEGMkj%2Bta9uWMQvrldBRPJaOJvatt31MnswOmC8uavxHSKGw%2BBHm5h9KEju6xn
