1.,习近平向乌拉圭当选总统奥尔西致贺电,,https://tophub.today/l?e=1d01QLg3siR5GV%2B8gsBXLKVPY7YWjlGsvGodLRGFHQWfV26mJcSNbDzYor5yIt4k%2B75NXWPTcppFNC7fhW6mhG3qOkzmOSbnMOowqnfmcsBuFIjDekcFHKumkC%2B4uJKh7%2Fm4Pad0Uk8zNtKMo60O5G1lkVP5oVUQmMHS8junVuSOh9487XwrwCqotfmUnlu7ONCHvH2BW4iTpo6clIWtZ04OrUjdsDKkCZvJuOLfjJr68zqXD8zlxOh9UY4fACT4%2Fj4XcbEqBNJ%2B24ReObXjB7Q9Kkg1S1LxeCqtEwvpjuWAMQMFtNUtE4IRHOQHviyVmaLMIuF3zX4r%2B0q6cd0Vz98GY3G6BFe16U9aLj73zdPJ85fRTNYNiNY7kO2q8zPCwnT8KpSL4k%2B2iWL2hM0BRVtuMcAmWA1uPacDpM88J4ytCbuwcx8XwQS66ZqB8zOcorfNSJzuPxdyqqVfybGMoyQY
2.,优衣库创始人言论争议,151.3万,https://tophub.today/l?e=c857046PAlOpUMLBKw3qM4rqOHBNXDOSCeLtd%2FwrelFlh1H3Is%2BVKor%2FrdiYuCkhvhc3lRiGY%2BIlzw9AoYdK9AqXXqGqvdOVlxHJOqtusy%2FZV7nVIidBi4qgEmQorBByGTatAXsCoMALc2K3GxKhbgx%2B5zFqPfJe599lWfte5zQI6vtSinul5y0nPdxMHfdlIXbehWptMIgVDQOOLBxyK6eZJyvB65fLVtyVfzzD5MFYKP54TfUTQaxaaOa0%2Bgbggz45njATXUC1YhabUungcyBtCNoLaohw3oRMfQFcqi%2FM00WVUG4VNgl69MBA9LMPYD2WsJmJzk6c
3.,鹿晗回应喝多了,105.2万,https://tophub.today/l?e=acf4xzs%2BCVNDYRIpO7OkKTEP4w9p5lR0cu%2B0aMpKz1ZYhTktPz3cQLiIaUrnP8HayySaYzuQUfgf60XWP6I59qan49PRXDxizXeQZ1YNAbGcNaVhEYMif5CuBRoePqFfoY1YC2S%2BsARs7dS2iadGLVrS%2BItH4R4NwSXUooM%2FacYTRASOE1hHIldp6eIg4JdMmCwMQNE3cMAgmPU2utGxnRSR6RTFMZAXKZkanwJb0EgCsjcz7jyy8SOpgGhJzw%2BwjmsIY8adrpXkqugN
4.,43位志愿军烈士遗骸今日安葬,85.9万,https://tophub.today/l?e=997aO0gkiQWRjivxiqxAUUhmKdOGnCvaC8onnnKjyqW4vugc1eEoCQIkyTJvOG8%2BQE4XMyVd5BqfzEyBoyk0HleFNZ%2F2Mso6dTTULzR%2BUSZTEeBgJnPJI9007VpWAsYwsNrTad8zsMG%2B24jpzr755FUUJ5x7AH%2B1JJtmWV3cc4kg%2FIF6e3jtQE%2FTgz%2B15GyZk86uvpaJ72E4pt6pzNc6ywmUzTmLPgeaahdTPRG0Q2ke2QP3cvHPtbjBS2cwfaHrba9DnQGfT5TLAlaWZmcOYVRLUAYHVCZYy6Q1Etn56DfFEcn9VAD7pLmzd7Q7bLotE9wju0tJkh%2BM0xXtqMwuVTkHxLbRsFlzwAxEVr4DZ5go3FjfLlvcGhs
5.,17名男女KTV聚众吸毒被一锅端,75.6万,https://tophub.today/l?e=4d26Yk9o5ohwk%2BKPMX7so1XktmJmkVQzu%2FBkASLfs1uQXPij%2BXis%2B7jpPSBIWI6s445iiA9phwH4xJvIWhyxDpmQJbReAfkBLwl0lkXDzBL%2FwB0VT1wT3XC8wFZN8UogAi9oitjCxQuxf54IHcaDMbx7f062sTfeTcBlfYLn3UV%2F%2Bh4G%2BgnW71AVh6Bc%2B6rbCLajKKIS%2FFLkE6tRceYjCLHM%2FArCSpEYcSMRtsxFSo6ZX%2BruOtRb8E9GKDmGmEaV36wErmbiUQQ7SxxJkz7ezN628oviPRWH95bnlFVCSUiQQ7Zom%2BvQke6ivalvzyYIfCFDXVTZCaRfjjJIL1pwa2ULAAZeRZznuGzPStY
6.,辅警因为一次好奇9年后救了一条命,42.4万,https://tophub.today/l?e=f096LVLWivv0jtYkRit7h89gzVaSop1dBJRecvLc39LRb0FwgU463QJwFRg5I5lZtSgxMCoBcX2%2Bb11BCR1PmEzrc36SNhSiGuUnCY26%2BZpJ6XiMLljEqBGnxVtqZlQFw0k8cp%2FRt48e9JK5cX8iA6fHi8ze4BOa%2FF1lHwFmcRzAHP3cWpR67C4Bzr%2FdyfdPMd56okk41JFmRUzRH00qnZYpL5xYGK0dCtl8WhwLREvzsrxniWoRzsAdbBiF0mm0sSDtRvSFfTwD4GezP%2F8Kev%2BeZGPMLMycSKsG%2B0%2FwdqdcISeKuXHJ%2B4LaXd5qJgVN%2B6HXKk2SgLTwFpEVeDdzMw%2F8gpqHVYQACLlx7ZpbCipgxmVU0QrWZT2vdok7FOEc9ZZk5a0wKw3jVUf8DLTTUi%2Bn2eQjzvXGrr5TFVHcPHY%2BCWYIqQ
7.,山东一金店被抢损失或超千万,42.0万,https://tophub.today/l?e=3513E9uObzdPBfWT%2FmrkuwQBAK2mzzBLsaY5FXz%2B9iuihr%2BbCPJ6%2Bw8Eyw77GRTAFreuOv2BjHDHTM%2FXbzC%2FuVa4vAfbp0E7DgMx52zrLYesDxVqCBTzaO8WoAgmxP%2BAxKHFEVNwVZAwoLv6BJHL3X5eKCo%2FKASkMzMlB3pCx5Y8zWpQJgYvnYO4KonFcDEAfzKTkiLRj1VKLAekqCSSMfb7Hm4DUBAx99Wd4nUMzOmTfBLTe%2FbRCcsvHIclsHvtLw%2BvhSP4R9VsN9JgBIIr5CbZRf10vRqbALQDpUsb1zTW3T4d1S9Wg%2FE0cdbABd9mwoK0uct8PB1HuVtpszuCufr24v1xlaBQPu33Qy%2FPC5g9KOorBoZ%2FvNwfieJv7ujjMtgiLv2T
8.,吉利星主播,,https://tophub.today/l?e=1aedPg4X7N1DlzBIQKkGp6JB6hzOSTu12soQQDhyZR9L8WLzvsDo%2FjDaGEH7Hl2i6%2FtCe1oc4Qy3Db604DMmXrjYOlqxG34L2CLCd9w00nK9%2BVdrNxm%2Bcr%2F0vRw3ozhGgiyqz0bCSHC%2FjmvtpYaDSEkGWryfSSrdCeFfhqqnagn8SJwaLc8bwQYxqnEW5NMPRS8AOcS7nVF7N%2FcczBxunSyaYpix7d7FMDKuezSP
9.,鹿晗好拽,40.6万,https://tophub.today/l?e=13eaBC77%2FJ9a%2BEPPD5%2BBozhLYQau%2ByYhbogLO%2BIMSjsYXSojJ29Yyw9Si4VYSuCQadctYN%2FmpWy%2F2iL62WpmbKMtDDgztaA%2B13BBO1TMDjA0V8h46g5msu2gsm7mqzA5yWGt0T6UCiAil%2BNBTIVqBFUlZRvo94aC9setgTh0gRmJy1iQzyj4AbJztYun6u5AhX%2FbUaktcByzsDK00qqS
10.,蛇年春晚官宣,晚会 398048,https://tophub.today/l?e=6375ID28TiQVC3HKh5a%2F1e3tBxLkM3ZQgH%2FSqYkWBJhUQaLlPq9p%2BVdE6tpFCq6eoMv1fP1YreQnFxR5%2FmzNWbjaF3ETgcdo1jPqG26uChOEELsHCIfDJGdy5ZCah9ODqkbH79RAIfh4VnihAKpB2yo51Gt%2BUIfak6n8nkUjUOOez7IyqkpY5BJPxW%2FbqTdodXgkPkCPH0ccGAkgxzE7ak065XxhxzTI13wt3heqYcwU77Ow5n3ENEbhNgJG
11.,冯绍峰接想想放学回家,39.1万,https://tophub.today/l?e=df3dK7b54F9ELQmN7q4h%2BYKGO3EKljJ39nyXjGYIBNHfi93rC4hqzq4CfR3Es3e%2Fxrz1qup29MtMs22TfAln9FN1wAkM7UROMo68hbX%2BpYsh%2B58jV%2B4tN6Wgkhl%2FH53rUxDIh0jDIRf%2BJnwl2Jz4li7aXltaQdVr79VR2FUJRApg1sZOKf8paZkuOkrOKe6HwxD7gkzaz3p7W4FVa9ajQYzH86E1SoXr3U8TqiPcCJ0s22vbXBZK%2BDfNIWi56if3VFxqzngwZ2gk43EnKnluGor2Tsi5a3Z2%2BAGvM1pP2vbyWWdM5eRXein%2FIXhsyTBx0b%2Bo166DoW6K
12.,美国女子抱婴儿袭警母女都被射杀,38.0万,https://tophub.today/l?e=1a22TwoIpbN8MVxqmQqLBpG5e49nkxhUv8W2mn8DlRXJtyqilCG3GM0BaqqLNerwnBuJfL%2BO0r3%2Bm4o%2BpIv%2BIhbvI2sqfvmZurSpmj%2FNJO%2FAH5tApdw725B0GN2h98K83zU4PZwhTTR3ljT%2FsGiEC4hpGeLKwwUrsL4Zs474aJj7s3Y%2BtUphvK9AioSgzprUVmYhJRk3vybQZhMn4wI1dPVyTzD51rCVq0WSsvDrZMGcj7xpeFfAUQcVVxO5eYnCbQLkH5S6cCClzWY9WZSz1IXwr1SJRg%2Fo%2FOizKb3CoYPA3zy%2BVDBrhQoEfAH5nnc3kO9dDoFHb5FhQzyxspFxJx9JZG6U9PTxPWWFcjVxamscxxUK7DqUnMfJnyLGdReTVCkfTXLIwfDfchPzwBhhGzmvQAC8qcuGU0H6j5UByqt%2BtfDp
13.,黄雅琼回应郑思维退出国际赛场,36.7万,https://tophub.today/l?e=5522BRN%2FDHTyCFwa%2FHKEsKkV286O4XAw3iCXR%2Fo0%2BYNi70yXDa7LRg0GeYWu7hxB0YpblhzXBDMl2XzHMM8LjUfPA3EboPfto9GDrnTpIZOMcHBp6bV8b3gksrGdg%2B%2FX3hsuqyKOh5t%2BlW%2BLoWUjYtSNIK75OZVe58KQ45D7vJhHSb%2FUxl2cIQNwAcMbPuMCFpSOTl%2Fv8y%2FyoSF3aPIJRJ9o7pkAnLnDaTSAlTdkrCjDPSuTCtwuwmWQxNDLULnYtnDsm5SMUmkUwisCFyKNjOItl1ofDnmHBrPFy23UGFBjA9%2FPaUuX7jgdXA5oUJoiYXOMDtq2olAuv7Ps%2B8J9Nhh1r02eFLFyEa%2FY5MZ3IurIja2tJsX7TtEBfqegSYjVk3EK6qDyf066THDhL2VPdSb3cTtf
14.,再见爱人4第七期视频没了,综艺 361721,https://tophub.today/l?e=393fMIj27hNttmiSAVExuFcbRHrJKmFfTageDJSebNJ54%2BMGF4YM8RG3IC9aA7vU8OFFpxdehhgdyDAiC8rL36jnEXoLlVStjK65Nm1bSm4Lam6tnkFX3v6wSFcDpoogjULKgKZoGo79iGnPZEPDZkmzNA2Z9QaRHHGI2%2Fo8bAtzNBshY4BIQAXBCJ5mn76ahrakduAlpAgm%2BZGmc%2BQszXNB3KPRFlkhFCWMEiwHMiZkk9vIakNgqN7EX84bUUv%2BSvO2z%2F6oJTzzUj%2FD4yofnXUjCfAk8PJF0VhHkJ9VSrk2Xzpj7lgkLpjzRL5ADqw7GGs6Y9HAQy%2FyRhlK6kUWpDI5o0ruFKTP6A
15.,王源头像P了个新帽子,33.9万,https://tophub.today/l?e=5edbfY62D1CJAeDZUADvv1OXTgaESxi1tiq1vRMfrpXzKIuD3N4dQEhzZt9v3hbDDwJgayV%2FgDUI4iLQbQP8c08s57Ctcqj%2BILY%2FGk5iMSkrV3zfPmMc8uSNwm%2F02rrWWyjHjEk8SCqMc1S6RFLgZy4ZcsGjOhBB48ViaoVtpLM753WjMZ2%2FK2auyj0OMevDCOxxHDmu%2FWyxbcQSxk2atVvgNn66n9feAIhWnYHIFKPEdt7WjVb9JSOMRoA0sjss6oRurpHUFjrO7hZ%2Fvxf0IEdDrvUKgtWsGuHHHO%2FjSl4AqcIGJMDGWfaYGA
16.,韩国人的精致穷,30.9万,https://tophub.today/l?e=fae2g8A6MG%2BLmeczjq8EGEQRKwwzkjlwBRAiIFbFj4yURCbdMVsrtgNdexoBX%2FFyEmYLZ5vUNCeHfD2etUNcjg76ekrJxUowRXI9o4j3CfEqjvknKCsT%2BvX40dqETL9E7US5T05NXX84bPcxDbyY5%2FghSHfXmIXCF0p%2FTtLevJSSfGYw2R%2FKM3kR2cGSNdwT8imxVlzzOqhWrpjq7Xlps%2Bds47upA0vSPTIwZiemIk%2BHPiKvPMwG64tocLUm849MEcxQTpkE4Keldfyy
17.,3人1分钟抢劫金店价值千万财物,27.9万,https://tophub.today/l?e=1d3esVbYyMyAMQM3MxjI8yFMaf6%2FaRI7WQV6bWZZGEbXuuKrxEZDrhCFlZUfCWcGMBREzyxZNHAcPQkiTZXbFR8nh95AMZ2serxTNnAv9PrFqGN4bSpEKwtrCM4mRI2TPShXzXi1MHqPgSQYaeboUvSGOSFgcylcXXDvsGW%2BjkntV%2FeMnQEXDEnIjpPUqtj6VTrhJMGBGAhaV0cQzvg%2BDAwsZA13yL6o2q0xbgm%2FDWix4Xmw4wklEUNadAP8N0cU1ShhYqwu%2B%2FjHSJdznOgk0mDB03Ye034iMPww0cMOWb805P2j0ANlZsZg7kn%2BTl6%2BrjGMjPgNTBIcVVVWyax9tJg4hU2LqPhRPUjSDMhJomIlUMpeNyL8evk1wUQLubyOU4wpJqbiQiI
18.,孙艺珍为2岁儿子庆生,26.0万,https://tophub.today/l?e=4c52KgHuvVSJBLaG63rUAYyWIFCrHf11QR3Q03C934Tfp9qiE2dV82hPzAGp2SnY1Wz%2FdGW2CAIpTKbu%2BDO5E1zcmJVj9gGN38KJvxSmq8H7%2FsLMuLRJRSQ3TIKM4H7t3KVDAWKtuhvhRQ06DPj6l5Ou0sPW9iPybReGZAjNDyK4rulAKAQ5kWSa3LErEnWpoLQW9czKwTx01yAJ8qOV0q%2B0DCZaukyZcNYcPYLef%2Fn4QGNU8MR%2FpytUbSeTQQnbGAg1UodjhWiInlL7yoNll7ok9uOZsN%2BEETc752tY7Rs2NtEUTLarsWOwMg
19.,胖东来调改永辉超市25天改了啥,25.0万,https://tophub.today/l?e=9fc99Ds3uVPJ3cE30rBDnntoE%2FmhNnUTeB4c0cQQ0URexVzpzX%2BMxIXIWKTEuQYi2kFD9VUZUVQ%2Bc8xdp4RsBTjhCPvJrh6BFpbfPCojb5GoSdbOQvVD18FLIjAxNFmN9pMJqF%2B8nNRyAC9e5GVesWYYhTihpK0ypDCTVsFBbk0%2BX5AFfarg7408Yrn2CcknveiAeIPT5SKxtclNZi53%2BRk1bkDUs5%2BSlOihhNC0Yj11xiq001OyzBaZfH0CrOPOACMJdrgDBftx%2FZJsvmghkFOYkqOo0LS3Hd3jf56tDuZoWBWRrZNq4ldjxF49ct3%2FaZ9pP%2B2xGP1EHEgQ4XvRGKv8iFLPYlR9%2FuVtvLWAxo36Y57Ybd0mo62XwdIdz1eM82dFwJEQUks
20.,王楠女儿落选国乒少年集训队,25.0万,https://tophub.today/l?e=cce9DG8H%2Fn%2F0%2B3i3QJraHxpCW3cXAYaRECdk3QWoGd0SRQkfQWQxV58A0HQaegc4MTx3MXpFNy1WvErmMbPXzk7YPLw8tP31ql9D%2BVsKXmg2MT7FyBlgrzFBjDyqxvj5KVvPV22xnkPGx%2FO8MxrvxyNnmGBQe8aVgwxIvmAMrMkuBEmnkFORTS8nBJYuILMpiUO%2BBCZnA6P7qmWQJkG2x%2Fk24qNyi%2FDgzH%2BYKC9Z%2FjHW4NAAB7cDYS1xziij6MR1%2FXEcAqjaC%2Ba18VIXyqt1T7R8QKAyrunjNvJRbhVSqThGerbs1uWR1IuszJzU8aPHCTaW5lVvGLHW4TnBTfDI1Au8E9SnpZxXp6ujY3D5pxWtFySynxlC%2FoKc3sedxvB0ixt6QNxS
21.,外籍男子人体藏毒123粒被海关查获,22.5万,https://tophub.today/l?e=a677uKiw9QRjbipeDn4%2BvVIBWdYoZbJQ%2FRIsiZHchuuXzHh6j0onIhxmyecX%2BHI3O5ezo31QR9TmVIVI7MnjUOV1zym81%2F%2FwI9XEb3rLYWny1bfMN0Jj6agZW1pv9G1DMtIRfDJJVVSWR%2Fgu9IjUFYqK1dLbhjJI4QOxXmPzA5r0bbUuepEjjsnWdKhWzc4MTISgvSSiq5x4FOnw0qrfXy8en6wm%2BZfuGOswLPNx6yEmrLI%2FlIFrJN5zqeaetPmAgzFblpMYVkjNorws4FzQm2MLlpj4jd9JpEfoPz4AdDioAwVtRD6fC%2Bo8i9nuWqP%2BJcrSXALcQsFEMLnH%2FfxHLTFbqogjjscsT7YnLXd19IA0e8OsdArkBSKuUilTcCCDytyqrMWzVfw5eQuOizQO1mdgC0dnkb5r
22.,唐嫣灰紫发色,21.4万,https://tophub.today/l?e=0c3fKYNNdtJVxdRK9erRs81mFPIrqIdoJdCJ1XCRrGtdlAJe%2Fni4fLtszlNqo1Q9yMgeyMQ6PXsv7sAub%2FyoOJlz4F5DsAvufy%2Fk%2FLgj64ZEXm6J26yU6QhBoVsFB7XNirblCJBhrOx27X7QLN5YLBTR6sJmAfAyipOZwUA20nqZOmA%2BzhKmhHtrRUa3ZtiXsi0CTp2y%2B%2FKTm1ML7faEYyK5vDuwnuwfyUv09IfPy1UXCzf7lloS5%2FVoI%2BAi
23.,林一长沙活动取消,21.3万,https://tophub.today/l?e=bb26oGNZD7smwf3qlb%2B%2BXT1hKtxMssjr0nscSwf4391cmI9FopLHWE%2FyJ3l1adChyIEtu1VOameg1hFGj4eNaF%2F4vWeJUYCdWinAORbhAwqSIVkAHYWtpIm8Wd8S7%2FzypKpfA5qpXcDFxh8Sd95vlIWuEKmt0iHKLjrE4AooJ0OiwY2BBv3F3VQSWR5HhVx981167jbZVK9%2F0KaXFNcIA4oXR%2FGfzoGuOg3p4PwMvAjd8meI6TeTDa7exztvQdEJsDTa2GXZ5Q6%2BR9hjYk9x7s%2BxablQZkl7mwci
24.,丁禹兮看人深情是因为六百度近视,综艺 209505,https://tophub.today/l?e=8577TaU6JNvQMODNa0DFRrl1cAMIiEFpgzF%2BlZmG1mgOzviOCa32QQaQbVFMUEwxSjH2lzXmHwysrKR4BcJZZUCswthDIsSfn0FOZQnhEN3dOHaAAHFruHK6XOM%2BNP%2Fvg2ihXw%2FCwV1vDqKTLRP%2BZSBomo0BnFETCeN87GiSyUsU5QYobRpz0XXoT8sOCWaNl3upYhuB8gd3wW3mlOmmDfN0eOtrAhFtBFSeuprgELizrGSTRnxs8OB13FmYwN0JOStwykQf0uj0XIzgkpKGYaGEf9rbdBJHHVws951nJLQMsFK7ZhFXh0VwHSVsu7PUZ6MqY05EF5JUJ9U2Y8JBL8UxE9X56lbhaYC2XNO%2FKZgPjntOf7JV5Hya5m3tbIiFmISQYthKA9tqByH5fi%2Bvnvre7neY%2BQAK7KAJNqvUfKFXTbaB
25.,TES官宣Meiko离队,19.9万,https://tophub.today/l?e=b206bhtzg0cILyfbgMgfYBXZi2A3X%2BUusLsTYck%2BDRW4B0CAvYXkE0T3Yhgoa2eVShPm%2Fy3pJoyLeCQBWmJM%2FClYu2S86dA4tXcKAb6mrEUm527t1HDrAUjTlwgAoAUFfZqAl5ZX8r%2BGnwqNJ3HIG2QehN%2F3Shb54GDlbADsMn5HXtkjpWGf4wst3BkzdKDud6CzKdZAcOq%2BTRgx8sjsM5au2lKif7o
26.,派出所回应山东一金店被抢,19.1万,https://tophub.today/l?e=e305eZbAwRackM%2F%2FtpsxikYeNIuCzIoBfgBRInXsz8AbLlszQjw5ErqXLMCq0zGG4vqjcI2J1u1Y9s8zYrtbnLUeS%2B6OQcT25rcX6oNwpZPVY1Sr4Y%2ByZBzdxXKybBuEtuFl0D0pFcHQyUhJV4Soco4cTLSIJHr%2BB5TGMEg43fG9%2BMBRtFF872jHgihTdvkrUeewnmhFk%2B4fyPQAAneXZcmWqKQuildyvH5fAOPIfbVw4BIXASSC5la2e4%2F9VbCMZv59MH8E8HCQ%2B9XKdwb2ff9VaR7TIA2Bhh6B7ZpPcq3lLJ9IbC5oDpoMY28JF56j44RpzzWJUIiXr%2BZtI02zWOyEjpvzkO5p9qaLnVbOeKImFV%2F7zv10
27.,崩坏星穹铁道,19.0万,https://tophub.today/l?e=452czdn8Aj6bPwXl0Hu%2BGEikNXMWjT4tulmSQoZqqHbzZhMGhHZfRtEc6%2FsI5P%2FhOTQvvTdH0AxGRLG6RMNBf684Z6M8N8mdTV3RhQiCHXNLoNKUklw%2FnihIAbLS%2Fn5s2PO02RqQAccSY%2BUs6F0qHJ1TclafLoO%2F%2BQDs%2BXPvwK4bQnlUFZCb8k93ueyUjcmUxm7PTAbEJbUcmqYAraubMvjgtMoLeiPUZkq3POSy1U7PU1VE94A2ep3mGCAA
28.,古巨基钻石败犬live首秀,演出 189465,https://tophub.today/l?e=4d3eUT0UACilm4NoeoPXnmiCyUc%2FIWtwZ2o7jkdSZw4twdmv4mKbInIqBRkBzOYyiI5gcxzero7bVQPlkauBssvjK8sW3PQb3UOXZNMhYNrICnJYx9V%2FAuEh7bIUBfOOjvQq7AuQ8KgSDcWJTI0su0njLuAV2jFCbxFOOCzB4uQKi5wyXOSkEztikPqx1mOkrxb%2FfDLIWhfj%2BC2WhAVlx5zzbscTLmYf4OmcAXzsNM1hmTygqWBAdbRKBznoT1ITV6kFtsQuqPySLtqn3fMYXdx%2BAGjTMLD4p%2B6O2IjThvVlIaqwl3yThotR6Zgj%2Bg
29.,老人吃腌萝卜后中毒整个人紫了,18.9万,https://tophub.today/l?e=9516AtTVgnmeHKpAKlF4FOOlL%2FAwlXcH%2BxlVuPae5L010WpbhbsVs2G4G%2BLHAxOraeDHYoTm8UIVukvEAvTnFaKRBliZDhh%2FtYZkX7IS13xPslstxUkTX1RNbU4DYaFnACYME8U%2B5uzxcPUFUp5GIM1sHYLhwn7%2BxYPOO%2BumopuyQcHfkz%2By2tEISYvNSb8Z7BQhXClVQ3YGRHR%2FyNMeKVBqPlXPWYHrGN%2FXS9KEDV0hn3%2BimSLmqe0heO1Rtrk9tLZ3MUyOshwsoSjhzS4IZdbkqucBwA78Z%2FH0UF4zWvuLwbV%2BM2nA0FvWFYbSFUulMvMN6ZczQxjEAdwJnksMxwbaCgTy3uo2XZzIaO%2B64dYgFP9GhCDTlNvPAjx1BEJTyCkfHpJe%2B%2Br4hfzu39FJWwf02pag
30.,年轻人买的水果半数是情感商品,18.8万,https://tophub.today/l?e=b51bg%2BRkZqPJDOZaOf02DxaRISYjPjX7Uft%2FEuocnf9b2FwBbg8ji4wiPdSCn%2FmUzLVYtjNE5Naojy5HXuN1KHbsXZU%2F9VdJWqrm67E%2BvCQS0oRGbcf1r%2F3JZ2%2FCRdqjveut%2Bo%2BepBAzmomQGD5ibK8pculQ8t6lMnaX35EkbcEs0TxOvWFSyGkmeRUFRLildgGDK75auCMmU%2BkY5S%2FlvcxN3Qtfb%2BhZQT%2F8qKLWtYsgdmcI1ylAeY0XI9CqQ9481NuqAMxP%2FnJuWDjnMt6Lyz79Kx8gck6fxMa%2BxXCPBoh7zEettTdd0Jal7GGhWqqDZHoq5plL11vANH43D8VuIwow4lX78g0DgAWeuaNeyyljniCkp6MJMaAs7tdk7X0RuiAfgoduG%2FAUvMNTEu9vMQKgkvBS
31.,张杰唐嫣荧幕合作,18.5万,https://tophub.today/l?e=dfebn46m%2FtlZu01nF21dc1G8lgBihJSpjjf4zWrK3pwtkFXseo3d5bETTB7WESMzdwyxthawb8W6iME7QMjXiyvadRB8O3w%2Ff5TietYnTTYTp8QABiUuZ5yNxAbFwYx%2FHylZItLr1dLcGNdz3nnHzka0llGphpFrSJ5jwVIJ76Z73dMW1Q%2Bmy3%2Br97SEK6LLdRbt1tNcyUzl7Xc7X1iSpYzBdxqXfqAp2VV9eWpItMCL3ZEEm2Hzo9IIHyMcdAjmXbNIwo7xn7add36ug%2F3EE1cs3QMt3G9i11gF
32.,王海质疑李行亮麦琳争议为剧本,18.1万,https://tophub.today/l?e=8f5ewBIuXN6Ov39YRrRO5%2B7OzjR4a8EAV60bxGkAtUmBNqjHF9ERlekGbGcQnP0%2B1vvbcO498azTwyWob06AMegDi%2F1E8P8bUYxdgqylit4USD9SIHXiU5JyEXQQmuPLQLiM0KFHEPNtn36I0Vi9QE6EDRKxE2EIy3WUpRpblecVt7aZ5%2BaXbrXU%2BfiMXJrcxKRLhgE2vvJtoVJ5D4%2B879L%2FZ8IM5DUfjrL95mbqrsGiWX69xFfvgeNlQS8DBdIttcf6UGs9GcB%2B6JUS7flDR4pwnXcs3CrhFp1yuoJwIizBJG6ufhLaKa5hmnG%2BHY4c%2Bc2fVFOMtNeALnPZyd%2B0AZ1i7Ez84JOoF3Jm6xA5BsInvV19kScjBc7B4CMRzZh9geEWW2ZJmYefffwLxaQVvBLQHnjL
33.,老师向家长借60多万买房还钱困难,17.4万,https://tophub.today/l?e=a703fIFpIQaEgg9YWOP8adfZaqbVIg%2FO%2FVeyimHO6ZXQjV5OOkHpZObuCxSTUPFMAMrp%2FT6jDU2KfJp4Sd%2F2mxB0Oyv15pIlyZBVT4QMgij6amsHGqACojQXbPbWr7qsZLKvP5dcFWGe0jtqR7zER7PtVv6N7YsQqIOGqUiFGFiiMRvaqpbbm%2BfL%2B%2Fuvs7K4550Y954voiROJFOS0SfyXFBS%2FcKul5sMGPviJPFSmkIIlxYQ8OHrjs45kzjX0DTVHZBa%2BzSlJonK0ihi7NQ0Ybzv%2FqXKBo65cTNIDH8oGxcwiU3tcXgkG65StrGzJXm5xeumoo6sGDqzoD6wlbOgNisUCZH2IWpmDkmBsDfGpIwX2aNU11wWiEYv7f84NRBzE5QjP5604t5I95%2FXxZTjXQP8ZtK7s40
34.,南宁一家长称15岁女儿孕期被砍伤,16.5万,https://tophub.today/l?e=ce41SEgE%2Fgjp5dY%2F2umy8i1Q9DYX1k2KRnGug6lpH9CArceA5S0%2FYwLS6qXUdHfT1oJucemfyFjkRf%2FqxtuEmPaFpEi2G34RlPn%2FWHq3%2FB1SY1igcBdeFttARg74EcuCNJDS9aJYrzC2a64y544%2BtMCSFUXGRZ7ssintsTJkRcxr0P6tSfEko4qjTJ20Th3v2yDSv%2FPuGN%2FordKZ6saWVStR9TrOj0hRIV%2F5NWnAaJW0dQKMlPXW5AfcP8VHUPml911bnn%2B3zP6CMXSU6ZiH8NjjiB9FoJRAH8lspezIx%2FaxRAWEp7WiQpa7Xs%2B%2FOJ2xpXft69DukaEuEORH8ilXlxxVQJe%2FVALgUlFinhu9WEbnx70Q8k3Ih8SbZ262NbEFQSoUrugW4unKsqyLulHNDEIVK9CsQ7s
35.,珠海户籍居民可一周去一次澳门,15.7万,https://tophub.today/l?e=19068y2KzGhTwsVd3wDqWpLgLyiv0hr1Ujr%2F1XWBnmorY%2FZSCC3EV%2Bm7twaNWmvg6i2N6IHBgunaq6x%2B3kvGZ8bSwTaS5C%2FIWhRHYjDbCcNqf5SkRdLOc3ZvnnYMBdGHnVb1vN8IT9O%2FVBCrXuVBud7SCwOi4c9wrxLbrQ4ZndUR%2FNgxrw4vaGxJWtkhlQ4SfYPkNkvSxVsGlu0DkILNul01G7KQq9gyDhuQlV7m1%2FdFSYJZwI5bTkeSqbxwSyyvBgJq7c7n%2FESW5BatdoPqB6wl%2BLee2SUUC1%2FD6g29YQxa58an%2BPeNP8hvXGWMo58Vp%2Fs%2BfAB7RYTK7EL8cYaIKxDILSVq3zpzSGVYNbiVhEmGt2xvUZTkLDI7vR24wR75TPnPjt%2BxHiNN1xPwNT0z5K9OAVvQ
36.,林一霸王茶姬活动,15.6万,https://tophub.today/l?e=cd7coNIsse2pwjic3TlZd3QBhDXAy6w886ro0AbmI%2FVE6sRmDsFn6Y1S%2BmVe1Og7ddDGBfbXldYO6EA%2FwiUOiNWfW49%2FWEAgkcSYqJTSRzZMnAvAxBayMfRK8ujx5wrlLZxmMfeJm6GPII9IK0ar8lHzc2txxicN5e8n1%2FNMJHLb8qOv03jTtHl50ZBU7WetSAYZ%2B23Dx1VZ6MKN3fxV1JXpD7yuKw9emAE0UjHfyAay%2Fx5vGgBzjdRS7lgbeGQRp6ZBJ8URsUD4giHYSSDWf5B%2FoG1BT1psqJVl
37.,卢昱晓看预告片才知道不是自己声音,剧集 156116,https://tophub.today/l?e=7febFqpwLZxZ%2FqO1SgUVYE7%2Fd6vToYvt%2BmzfwTcs33FFS4nZr39%2F%2B6ndIg9ChhuzkryR6S%2BgsYwfaLO%2FGROzZSv6aZqRaGrJ0zZBcfix8C9SKdLOMZTeVCOAXq6ZoDpc7OAcWboz3TGs4wBsD2a8i%2FBeF1lSEHie5fgcXlElNHg3lhwxVB74OS8Yk0nm8PJdsG%2FswHA8a%2BRK8hn4qCLTkC2DgZcDupdR1Nd8uvH6K0J9a2zPpKF13c0U15%2B9CBfpZoM4tQTY9IwLZSpHMVabjQCZTI7CjtpjmXAE2kDEypqJxF3Jrr44LmTWwCDK28t4txdJVH67Ms8vQrd6C7UKoIEhMy9Zi61RLGRkGjOUujYd%2FTHHNoY5VTaYZS3hc9BMnbL9w9yE%2FQr%2FeD7r6AQMo9eUjN%2Bl0Vyzd5rqzKeyZy8OAOQ6rHOqnK2s4MBg1N%2BeIJL%2F
38.,奔跑吧揭秘穿越千年的东巴纸,剧集 151335,https://tophub.today/l?e=8889VCTCZE6piscFz90iFOWHp6nQR4oEVzomVYQQUU8adToRHofRptHnxd0I6GWuYU9IgC7UIxMAkCoRe%2FGENPOgV%2FFFAl55qgbQ6bcdBZtc5qG6aeVFPoWStweafo%2F9yUvv3JLhclD7sCx7bRH9GuNvfIc4DOIjGXMeDhjRBpR7zhR4MML7JzbrEV1Ze68QJG6M1P4zJmPrjrOInklLzGu4Ho%2BzigQXtOcZE1nhc23P6t07l3L6dEqozHrTf50Dr%2BBRd0%2F2YSwHpRrH0wdSt%2FwlzsDQ%2F%2B6BbeIIdBlzSibgHaQARjMCHpwpHkqr%2BlDLX2kPoqiG0r8vBzTkrhlE6jN0ocvoRKgIIXR1PUv6p6l%2BPVdZCvdRqfjEQ6GUNQ%2FmUUphGlZC
39.,丁禹兮 包治百病,15.1万,https://tophub.today/l?e=8489j4du6Ji6yGKUERu0CwOe1P7KXI23cjxqvSDjZk%2BouBmR4nhSr159FiClZ2iKh%2FPX3UTNAECrYmIlTf1%2BpVcCOoUtRfvIJSGGbc%2FpqOeE9JEFvF0%2Bq9gxhpJ7DiukKBcV98w8o0cUbk9cTjITWEGsB%2B1bxK32ou5Iywvsd5KGDrT5UwqW08y4BQ8e0M15yu%2BPw40ZXuSFnnUFINjMw5MQv4tazvoNNh1pQelVGem8atvluWW0rEe2ev1Z6IfA%2BztfafEPcdPg9LCqahu6
40.,央财教授称股民套牢是好事,14.5万,https://tophub.today/l?e=121bFf5pDChzRX722fu0DAh2IYCEiWwHkT4f7DNUEvh7bSGkELAMoQpm4dk%2FHQ0QzF7Bxmvl3aC5SQAgCibtxu9i631wQNGh4HYZdF1zJ9vSzo%2FykB5wDlyhBvO6G9Fw1EX4W9cyOx5rCI7AA1kiVm4Q1fOvdimkIf64re4JXdze0glnE%2FkskXE5WUebIeCkIaSY5Ic3yZDYloVrObkC4nsJ9Y8qnas%2B2DNdIyBpdAS%2BGBdsgxqBCSxKqk6xhN76CzIRImx%2FZ8YPAYpH0wK8Tal1Sv7jSfheCVDbBoKOmBscKXmTzz0tVUccUe2uu7q4BOrrSOvHQ6kvwkhbQiB805r9IcGZg8VvGcGznl9sh4nnoWTW%2Bz%2BI
41.,你家的筷子多久没换了,14.3万,https://tophub.today/l?e=a518X7uyiqvdhE9C9vkhVl2jFfwY%2BLgfecjSfsDwp%2BxMYgXBFg3pnuWCmHPM35fK5p1vGbpiXKSiFDHelt2tAmhoxMxJGmhtVH4OuvrXzB0gyXqpjiidnPq3KJiE7Dt5nfJ769Be3SjzzMwVNj8ECsxYm9U4Xfk1yPTnLgyfnQfxs6imFzuG62dNjMr49Xb8086WtQLEyK69cMF3YVUJ2ryjaWSGP8UzkhYCqZf%2Fm%2FHm48StV1RmKKrFBHdxxjXj253%2FGt4n23lq32n1qPiV2WXtMFXDD9C4wXzC5fJGOWBeQBbkehVMzWFhlaTTgfPMQqMsZKl9JCN4
42.,杨子黄圣依 人设,综艺 141898,https://tophub.today/l?e=160f0seedkEGB4uv8d941ewkvaVD6PpIXYcBQEfLk6X8NtM%2BQGoU90Wv74O%2BK2jYCAdLclPILY80oNmTePCyvmmRfYC3wpT%2BJ0z7pndU2Ta6bkmDL2jq0wFq6auroESJaS0tSiHgVfEgnH0V13I75QNpXTDfpF3opT%2BUvMgW%2BRkK0ppcd0Dv1%2B6DD%2FD4Nn3dxALADBh%2BhjTSiI57znkYLVl5liR1pRD3JKGgbsImNXLhCvsDwSgi%2BCaV4R2rttoUVRfqdeGcl40t3s2ZslkT
43.,侯明昊无处安放的手,14.0万,https://tophub.today/l?e=1370%2BJP0dlZp67IMjLb8JdEBdilQA5qwtogLNX1XXhv7CJm069BEEqnz4iVR9ReHCmeT%2FQbOL%2BkBZ54mLeAIMvePexfNyEtalCsaypPJP8ZXZZ1VSZzFKYwHw1XpexujNereL6Ah01ppJdi69uR2ll70KnY1I3t%2BjgSK63OYk7Fp4r29hxTagDjT%2FlT1ZXx%2BxNe5QC2emoxXP5NG%2B8N5V5p4cxV73trD37%2F9InSUNjramFOC%2FmSnQu6tAvCMlb43HMCbJjEat2QnFpFMdk5OChxsWVwObSiZHb0UOByR5dIhs6HnwWUMkhY%2B
44.,冲锋衣成顶流是靠什么征服年轻人,13.9万,https://tophub.today/l?e=268cJ3FkF9A1mcAxoJjpHGkgvmYypO6lUhqOfH1%2BRyJK2CJPFpEmXspyQedLPU6nxkTN%2B%2BlzP96lWzsz4qtGKrB7pTSKhGjJzmOdnInqCCoRfZYyxbKHuoJPeSl9S08ekcE70N%2FHoTXlv0rMcRWeOpEg4w4enT980npt4MH%2BAyfR74svl4jG1mFKCmi0hwkCSUGFpq31DcOMnpnjwOxdR22rcbQ3wjJB5Q0F1mv%2F4I8Un2nkoK7DBVDMhR0Z5Cbc%2BgUClqCAbgC6pvfWpjDrMPMgghDN64zGoG15%2FuwPoiIh%2FgRWT8DTwr9JQ1mm0tzI3qnLEt5JIK7UptLDV9yGGaafp9VYytZI1eEVRxqmzYqVarDGWw8F%2FDegBYGAJO5xLN4Z5fIbeHDwuNO3lDLp3hv0kpspk5RD1yomXh2zIhr3pFGv
45.,陈少熙预言家,13.6万,https://tophub.today/l?e=4f0fbnm8wvRAS%2FNWX8J7MvBZJu3KIVcCIfy%2FwQAu9kP0DERatJ9CPY2vE%2BwEX49L7s1skzzW6KFdSDpqDxqlBeWrN9ZzP9cw%2BwII8R42%2F4qJTEejd5odvrVGNZDxKKQ%2FkoN1dKQNB6awkGsaJheshHBFnyXn%2F8atWnPFo8J0qV5vM4MOA2T0FoQf7CeR6Z1jE8XQlDQK3uFpE9%2B1T%2FqhyAVY915yiPtbRwdSc%2B0Fqzxj0IXlO%2BvLznSkO40s
46.,羽绒行业人士谈生产内幕,13.5万,https://tophub.today/l?e=7c7fScD92cUEYoiIpgtDeo3P%2Fmg00fq%2Fxs%2FEN5ibM%2FWlxyrjLzWsuFbVfgRdENTSHCK5%2BkhJigNQBYA%2BPhWXDFxDXV0mgXnx3eAuK0lI3pb9l5yXsilevHPc1MAbzi%2BRWedbZvQogYTxqZvtCFMkbMCD6gb%2F%2BiSeE1qL6MkWOJpjRnbYNNS6WZpjxm6%2F0O20xDY%2BSfjDKAINn14N88vzim4cvCxvqWpcwM2R5JKgPtTbd34qm26qdBXogtVcibaMOSX6mpT73H178%2B9ONTQnidgtKlhbq2gciXx3HWHb9fwKV%2FjiwdCNwVyIc1Bi9TM7qZ0kGGCi30QoqVFu8jgTQaSdJ8bOWLeq
47.,容祖儿心淡全场大合唱,综艺 134258,https://tophub.today/l?e=53fdSzhh%2BRUA%2FbwYKr9Ln8%2Bd0e%2FltaBYVS14C92FMzqfOIdSVV0%2F7lgOHpojRFy%2FK8AErfVhxY4BmFXmrIt4Yb46h%2Bb23m6aKwVL%2BGu%2FzkCYBlDhVBikAwV50V8L%2Bkd3m7OuOMLSPX5IDqfJeqXIRB61G81Q9DeU3RtMtfbMg2U7k3soC57Xj3fP3KHxtRrtRw671IhH%2Bl2Fjn6tDAR6ZBVvlbBkfuoOjR7tahdzHRoNl%2FucvJbR2NxNfqIGNMpxuV4GoJf6RsU4hoLTuL2j6k2F4a15%2FCEWoS13SVOk3PJSErBLfCkG8cZWMQQeLBVaYMSjEGT5KMOx
48.,张杰第一次平头,音乐 134225,https://tophub.today/l?e=39e8raYCwJRjJkmwRR1m8jIztUR%2BKFpsFwZcTKnmiYJMadcCAtqzIzgbFYo1Cya%2Fmr2NL1p4PSKRqRGyr4r0GnTRh6SMs4g1etLFMOCYbab8zmHp%2B7uwZgmGf77PmBg6TLLYZPD2Kq9UQRTKWdRwA09UjuXR76cOKr1gzFLbILuXdx7S34K82dt4uE%2F5%2F%2FkZRwA0r0qOLO1iYYWf82mwsg2lrlRED%2FMKAiJfQysq0Gmmq50MXc6F9om%2BYKK%2FkH%2FtCm%2B1AYIuC49r3Pj0
49.,筷子用不好可能会成为伤胃刺客,13.2万,https://tophub.today/l?e=55eaR2BkP00Z9ku55qvegcEC7gBM0XLpXhj3TcaNgfCKtXweIIOqaJ50T%2FFvSr7gO4piR1QnHvgEAXt49jfKhofoIdI0jIUPM1Z5r7JQWTm2eQWUIJVNGhaPSh8tWn8kMggvXnsOwjr8kFSYIck1bTDWe5nvTKX6QJKbnQV82f5wq73rquBIi9ubG%2BjxJ4MAiSnWqiAUaXER4YLQ2AwTvA9%2FqTv7AMFQQMUhniAuIEXfJGvDJXuvHuFrzE6eTwptIEQT7GCm5HLse0RPyraWhFnaGn76AhLAZoBh8WmgH9QHV8HnCUxE3Opcz7g3GmnR64EHUdbOsp1L737sNE4FYYJG70nLAlsXKyE0EiRRKFC6mgRh%2BDLljC87uurJ8G8phfzqGUiEfggzWjtunEd7gThkc5tJ
50.,巴黎世家售出8天后要顾客补1147元,12.9万,https://tophub.today/l?e=d416F656K%2BvrZOLpG9tnq9xrFGxSybzUwlq%2B%2BijiJi3qR%2Bh13cfNLH3XSqg1ObaLfW2oK2kqejjwB3swUChZ%2F04N5r8QXEf%2BRYUwIRs8ZrjxwCIUAqiA8%2BBayI40s1xO65BQ9yl9j%2BSsRf6FgyeP9dgNoaHSc%2FBdMPOzxmlsW%2BZY5y3XMrN2%2FAtIliu57X1jwTB7z2C7fCy7CJTuc5%2FdI6wqaCIgEY8fjiPMH7%2BuAx5HoQJSYRDi8XXjaaUKWoGujfq2fNSqSBymz9DM5S4LtJbD3tjzn9J82YzB3tLge2McWFzOMXJTZQlhy9RYOhivcIQYpp7tTvX0Xyyf9yRp2DkTaw6F37WpeJxyvAOi%2B8la6PP76JO8o85ATX1bHIQAyu5vzhRCUrWbhj8
51.,虞书欣丁禹兮意林少年版,剧集 128838,https://tophub.today/l?e=225eCHQ8a1XJAe%2B3A0sfZTssIYSKKkVcIE4IfQBgqg5nDjrLxoS1xVACTd8rAhQMi1YCXiFeQv3s8yuABvvK7WfmONG7udFCP07Hj4D9khSiGIjdIw6PYxyykif8e4238HhnxW2dH0nu5Pgyb0qMksugKY2eFP3wYglly%2ByM0qeJgrShrXy64W%2FgDobYEQ6i1GUxMNTM1bdQI%2BALVx2fSMjD1PuEMAFI67GIQpKeyhHAQCDzBjCDnnUd5BksVXdSfA80PNb3vV1UQLvpFAuJdGI3giJLdqKL2bqvD%2BYzZMKS6SFu5Y1WpQUIyc4J40JioWb5VcGvds8%2BXn5v%2BUp%2F4YUxJRpst976
52.,上海体博会真的太好逛了,12.5万,https://tophub.today/l?e=daee%2BQgm3%2Fsy%2F75%2F9suDC9j98b5cEzuQ4WaUe3L8lTuEFkI1nTJIpQOf5KoPJ4wRZM7nl%2FWmAZ7ZsX7D5Ce78lBelkeZ0siXwrta1t%2BQWnmUFXRR4%2FDTAuZGl7LTJei%2FPwmfu2xoqjssv59Kxud5davSOKAaSLJX7OznJvGCv3yNW0uclAlyflyaHc9zaRPB8mVMVJGEzsCduZi7u6VYHe4KgEEloR9zBpmHqmm9TgJwkOGNN76PncU6JhgZ1LdAPf0iz6e%2F6TMokwMT%2FpowHA4D%2B6XonkKlIo5BB3KGm0fhfIxMsDU6C3q%2FrYrBIPYIJXhyf9mRWev8LwbevFC2d5GQHOsjq0D1
2024-11-29,古巨基钻石败犬live首秀,演出 189465,https://tophub.today/l?e=1a89LH4y9fWTp%2FVO14yxfM2p8LPs8%2FkZnILgnTu72NOdD%2B6Ei8YvV0n%2BlJQw38kf%2F9O%2FE3zO25oJEJGZg94yEXewAFwz88z7EafxiUkomQCdtmXhbQCh9Y0IFXPBhWXCiB3D9Pf%2BHeDec7Pu69GiVH69On2EYnoHWLTWhgbJICs0%2FBvwi4ZiiFPxE8WJ4dHMV0GtwB5fOEAmGTLDZyfqOgqSvkT2STm5sUqpiMHwUvzJdA2Wbr5djOu%2F3VbtFdkQRCtctLZLLZXCaXhPDs7jA97pwCnPq0QjFq7buPtB5TDTSCEb1e2vmcmtTMhAEQ
2024-11-29,巴黎世家售出8天后要顾客补1147元,12.9万,https://tophub.today/l?e=ed00y2jQHX1R7XMEncpQig0TSqLBqQBdJfpBnN6ALuMTCiBysfIaJfrWKkuXh5qr5KDrZf8Ri5AY2fB8F%2BbNLfMp1cV7DFHh%2BsuDReNZ62e9pgr3Jh0q0BjQPxAYkp0Bo8m1xKWSKty2oLcpeipZnlWZJNRsZ2YTkzxpsqC7QMG3l8SDA6PcrDlMHfC9mOzCiC4Y4fJjaD%2B%2F7Y0bJm7fDmH0QYXHMBQV7nRa3YPrc7ZYwr5GZ%2FZ122kGJlP4VV8oP9uMCnx66kU2mMkp9a6BbypCU6vBFZvmDqrL%2Fmg6lFDO0%2BabXDyD7o6b2mAj5uW1cz8vf99HUl6Nux4VpNTt2SBoctaa%2B9IJ7yfsA26TcCbUGrGCqaznP34HKPCgSLLIdbcu9NBlYB92PxA
2024-11-29,虞书欣丁禹兮意林少年版,剧集 128838,https://tophub.today/l?e=8560z39vLokEEjtDd%2FiNlLL9Hp%2F20d0h0JUuWj8lG%2FNjWOSN0uPRAHQRThwnhSoM7VgFHzo9uHPQAJXpwwIU8nkS%2B378y5HQDfWMJJoomWaPhV4upxR8HltTBvWgfr3ABp1sTvdoRyJ0cnLPVXoY1EiY00liDijDRF356rLBaxGAdVH0ITWBJUTEIstcSyFXLzo0erRPwxyTNSMUuN4wMCbjO6mZvEYyrT%2BRXSKWgGJAqkDfeXunsey5wYDSA7Th1S9fWpjlPX5SrIdb5bQELqtSQP4gE1%2BSt%2FP723hdvpjrJoesXzXpkHF51h1uDJ%2F3aMQX9WH%2FNiLn8oJwmCUaVXvCxXar1rzs
2024-11-29,TES官宣Meiko离队,19.9万,https://tophub.today/l?e=6b0f4P1CkdY2O1sZ%2FGysw9tetbLCu4fSnC9MA90n9ixmJRPQVyCrekNNtoFIg2giz7FykAV%2F%2FpQffy9E273%2BeEOoqq2shYlXYsspjo%2F0fFQuGwB4QbUULnPVhQ0ewJgayXJjCBfe6hCLlLMlZsu%2BsJVFdmpAUP8RchxEnwGq3cIlrOhSDdD%2BYIMRLWbosgL6Qd2vrPSyJ76v1f5HjWlbB0RsLdifhWM
2024-11-29,唐嫣灰紫发色,21.4万,https://tophub.today/l?e=db91jF%2BahPlRuO5UNbqG%2Fz8O4SthZiBqUm9aNCPAIhevI4eE4t5uG86%2BPsbcF6HTm6033GoUCr3UQQiUXc87TeOKsYiasrQSPfeltCdxJR1%2BGrx6NFLjmd9rnXDTElkx46BsuZZipChuIhrrVm67sMPQgtX52NyYBMO%2FrA5D7Q5eq4Vokk1hCY4Zt5WAgtwqp8UiqBxmO8kyKyD9yYKF9yq0CVISJxoo9u0P364u%2FTGHDkYofrvruGMJmc5V
2024-11-29,韩国人的精致穷,30.9万,https://tophub.today/l?e=014eSN1ce9a2VBZit7eMoHpg6XXn7K%2B%2BuzbuWPSeU0aLhh6WQgLvNllzvlqAEyyBY6yYUitVt8JjQ6F8OYukF8Jc2Amt%2BRazJ8VEbyhOBDj5z7tr9AUSc%2F0iMf%2B7IMp8HeQWR%2FJ4IkQHa5zyDZF0D%2Fg4PAczO9anceZI3R3BWYvDs%2FKgoBpBIto2Ru3gJqxpzfZYKwJL4oeOj5OmQK2Pg2QixGX0Er4vZP2f5JmnTIGSgnUy19AajTawGdT%2FQOWc3BbM0V4da%2BLrC6sE
2024-11-29,林一长沙活动取消,21.3万,https://tophub.today/l?e=ba4f%2FUpZQut%2FryKzaL3UDCoRGU%2FgN%2FOYl6SAjC0fQNHWVzPoLrpY1Q4gFd8ymo0%2F%2F8VKsC%2BQhBH9dRRR6cotXUcCQQLhyDDfZn5BIdE9XyY3G9NBnc9vOMuJm7pFnnl9bJ%2FvOy2MRISTytw8H1YEOae2JQ3ZlAUgE32cLVT7m%2Ba9QqUct7O7FX%2FR9PG2XzHrEw1baqnMO5%2FV%2BadGA1e%2FAkeZkU60hepGPkML%2FuYJZZsI8M7jBiVbJHUTDby5YtqSM%2BWRg%2B0RAC%2Boe7v1sLcZDxMufXY05gKVjvW6
2024-11-29,年轻人买的水果半数是情感商品,18.8万,https://tophub.today/l?e=32a6KX5ch04hZrLmwaGaS0utfqo30rt9vpJqSXXPTTMVsAp2ywlIw3Upu8guqzz8uU7THiuJv54nq4eGBaNkym%2Fl5JjUiLn2e0N%2BhQMpupX5sa%2Bnb2wfOnzKdqXv0bStJOAEnMqfJq1DlGqB5%2FFHyai5vrk0UbeJqY6RhxRa4QWv%2BZb1PiIN6WtUWb0Ccc7E1m9OS1dDp5753Yu1BpnS3CwcMGm8qgCUqu3OnM8HspZp1NImswI3C%2FTF0zcr1W7x99kXYvxnIq2XmsbthFcozd2jPObd5xZcgvuuqd0RZkZaRmQo8b33nFDZ21a28I3nkszH7U%2FBrTp0vHiH%2FYCR5buuIA2ygdxdAiyA6GrGld5oLt%2B2Qs4xhH7xiqygjDqyq3Z9w123Q%2Bcj1rnM9WEGGlElYmsG
2024-11-29,林一霸王茶姬活动,15.6万,https://tophub.today/l?e=2270JXEjVlh8aezoY%2BXNi88cbbdKsk6mhL0TRv9DYG81rPhrsP2SPNbpNhRmSXr4OOLOyWj1wGvyZhRDj1cNwroaBwYs8Njme9nwxq4fXFvzaXuTTm8n1c8OPujQ7paHsqZ3nAxfPctVxO7pt7ZcuXrs%2Ff%2FHIgf0y8Y2nrx9iwG%2FGr8aBmqkgJhLZMzUwt1Q7QTPlvqO%2FteCaoFDLc9kDUGL6Ukffo%2FDHkDWY0%2BsckiaMmflXIVVpufoSodzcG2CELNi6LKwfXCJe2OuFoPp20fquVi%2BUTfa5trY
2024-11-29,侯明昊无处安放的手,14.0万,https://tophub.today/l?e=bd98lKh89aInqbm3svTpSmEEsBS00pQSbdi3y0hWYzMJicj1%2BaP8exBifftqFDO9Jzf0bVOZR1qejW7Hyz2OVOoABB6uqyuKDxZpeEEObsR%2BSRhJL6IPUbhyCrdqF0EVns8GZy53ULoZTioGynOqKUGCZC1WpyOr6yB%2BGKUOR2xdtCVEonT%2FBmPDZTMLh2tEHIq3rwA8qtNIi8PtNXhEapB0%2F2GWX2NRxQLJVWSfH%2BUymv1mTH9dFemqYDTfqsPSq8JlLr3DwBnZ95XZunloF1K%2F0PmVKdGGlJ5ACIoaWy47mJyLyVpCJaNg
2024-11-29,上海体博会真的太好逛了,12.5万,https://tophub.today/l?e=ba69SSBWKSr83lBLX%2BBLeXsforKY%2BnnYgAlkU9BJcfuFtQth6m%2Fgt3ZdztpNhdMPqBhHDKuFxM9fpS7abkGP6R4%2FGz%2B0KzQq%2FZdvMnwzSsh04HuNsUox1x%2B7xBX1BBx6uJ5EAdAcmtBZxvrAKtQbH8qmRNcWCpInmu%2Bbm%2Br%2BNnWNrQ%2FSHcq6jCZ959jSQEDJsFI7mGNbaAYvDs0t759wchYxIX3hX7kLja1YuO5MegNSiJ76G7%2FRHY8JyaWVKLmwjgLuZMM6MgGIDzlXgQf%2F2vngn1%2BhLSgQg6%2BomR5N%2FPvnU3w0NUD6h0qNsk4uk2YWuoGSNPvTj%2BaOLeAj%2BIhNX7UAKFnLTVaq
2024-11-29,容祖儿心淡全场大合唱,综艺 134258,https://tophub.today/l?e=ad91zqZAN85%2Fnj1gumvHDyAktrSQtIp2IOwq5te0sdVSzHDZq0psSsYziCRShSuYb%2BAwrpwmFCmuslN%2FCsBKvSJmO4mcI1lwPtODOtecVGPDxXOo4%2FsitSXMytyPPRLQBXkc6QJQPWhD%2BhsoBPDwhsvVmPsl3GWb1jxjqA5mEvjLPU1CVhWCukU47%2BjRHW1HnfmR1KfxPstAt6GLs0FkXVFcZw9q9o4s3IzsALBR8wkKSOyn6TG%2F81ZsFslXhvb%2FwM2ohfq%2Bm54sC982RWMBcyLiPIe0QQjuHKuKljOxSSNLyED2ZiPSnZedzt6FUhrj05KwR5irT8Ls
2024-11-29,王源头像P了个新帽子,33.9万,https://tophub.today/l?e=faffNhjXZj4u6u9LOnnt9aFxulFYzrts0x8Ix6vtn2BLB7cVRugMy5XhuBxn5wh4C3bclC60U5KNFuD6nC5ZDR8VA615zdRq2O1cxyQNGwflixoYdbiBVL67u6QM3OHesk16MxT7UwdN0adcuZatFRqbWsaQ%2FS%2BTOFaypt%2BQAcJWb7fby1jM9URTw%2FUPkqMrQGy7XY0XXiR2c5Bdz068q0OSPQY6w2SwrYig5YfclXYxamUTFFUJ8%2BYtl3eHsbYLUKQBjN1b9kzN1oDa8TQ%2B1x7bWDGtwZKTeKUDnZSU%2FccDdaEhNTP7QDKWsw
2024-11-29,再见爱人4第七期视频没了,综艺 361721,https://tophub.today/l?e=36abo15ROy6yCzHu%2Bb0uY7MRZryCJDDTw9Uw%2F0EshTpidfPSZ7ybHJCAzoOZ%2BfzTUYB7ckYm0ypXMsWrX2sWtCiUqrInGSR7JbcBApOZP%2FrzPMDDFeZy991rn5Rl6cCdqJXR%2ByMRDaXBRMfPALzm2yR9cd3SxFdFjkixv1uYrkMlZKBfBg%2BvPGdjw1eJJ2zq6AL%2BlkyrUCFo9SjNfHTj8USPvVXpinsrWFGX5MbXi4y1J3kiyD%2FeIJTJl%2FAxts8azpQuItrM%2FIbSxF4Q0tkiVeVdvZkg7J7zIvRKt7msQqY%2FoUu8pKtuEYVN%2Bam9Z5aULgTduWIKdCxNCf9jIC%2BrVgfgvKQZR3qQgQ
2024-11-29,优衣库创始人言论争议,151.3万,https://tophub.today/l?e=8969hSv%2F3yINOmcRyNoz%2BxOKixJEdYletu2oMcE12DqI0XP%2F0oxB%2FUXHVRlO4iYXjgKiR6Dn1POYdyg6zvLf4VIydtojErvEXALUE8ugOF2eG5nt3hUGnvySJLMFtSPfwVj3OepAFggM5F7T5M5yruqMba75shrspHitaWVtTjAiAjcR4ajbhwpd7I8P3EnQIFR3AL3mEElJPGi00yPMHv89EIb5PQAype61PWPmh%2FqbtzeTuWLKxhr0d1oIDkuWFzfgkjp2v66Ng%2FijB3uesHOd8k5B8PbDj4z8tfnsg5JBRB3zfRVhCwMNurv5RESRPB7KUYYL89uG
2024-11-29,丁禹兮看人深情是因为六百度近视,综艺 209505,https://tophub.today/l?e=c29cV4Zv0qAy32zx1apc6pKnTrYN28wHYedzarOEDgRMOod2dNq2H2lndA76UEFi4bbvlWtE%2Bqk%2BIyMT3V%2FECdWkU%2Fqsw1FQkFHu1R39dWKvXoGc7FiedKpVaqlMQ%2BeE02ELMyCsO%2BO2ynokv7uocxzA4VH7K%2B2FLCtO3y2f%2FBe2WlhT5q0Ul7NWT4%2BxC3FYCgbqsciON%2FLdUC7Odr9LNwUA%2Frn4zj0zh8gUIDwHAA%2FXSLN87OAPjKJXTe7%2Fa9z0HD7%2BGeUbPXYgrG322G7NmwJRRvVOIDz5kejYNPNm2fCWtCsL7vNG2t2tsmSit0mbKLZsdm5Li%2FtA3fQxLlNb3dT9k7LwN6ydZJOotDKmFyX0bJ%2FUBIzru1nFTZSQfPVZJlwdd6ox5pzA3DcJ69dz3WVb4kG1gl6vT0inQoI0MOwv2zDx
2024-11-29,奥斯卡宁荣荣 新还珠格格,剧集 126779,https://tophub.today/l?e=e647WRYOn4JtvJ7hvNBBJveQeC9XQ26JpRbTuLTN32UdCRYux3dK6V3SAx%2FzSXU8jkhwbTrtcjxrvkCvxjAvxeyc%2Ft9Jb9gvTxgf71TRiaNEw0Ijs4%2BjZWxMvidPTAr4rFIbfUr6OWKyEmffw7DmQB4fRtlpP%2Fii4WoLnDKpXTSPXhzH5FCz3VXQUhC90oBVsB9LvvdPeHcKQCoW0vxzIISem2iePqufit64shcWvGO9p6F%2Bk2veAgPhdbdQyVyVVAl2KbE0lCaYAs1e6ZrC2e1vsaAhsmJKQB0bLzKZvvT7OHCq5IBbhJXjVyD4kjGrq6WepXjv1q4wbLJwSdCQQSOANXAQlmDCysmq
2024-11-29,丁禹兮 包治百病,15.1万,https://tophub.today/l?e=fa74HnrDMin1hfvCxp5Lnu4ZfoJj8GdynU9pLS%2F0wVftRwUNfMEgsXSx3WyHT4n3wncf21fb1FeAu2nD0vG5GUbdzWXw154klN8kRtvB8koSN66NS%2FYjr58p9rh%2B2jPv80NjyebXi1UHIUz4icYS8OfAzJwO1WRerKS1ASc%2FEY9veRenY3EaDXQWVQktkcc8ZgjPPlSAlG3OnlLDlBqY60AD%2FyWQlb%2FUogDxcm9mwQWuygSVdz9ZEeZphsNM7NRSwH3vbirrkWkjNhaOvbQO
2024-11-29,孩童被未拴绳狗咬21天主人未现身,146.7万阅读 | @百姓关注,https://tophub.today/l?e=bd275NAvwBc2y%2FNwEsG9mjctuLew%2BrLrs1F7a0F1u71xIjKHZwPlbN2Ia1BtCoe7dwvUL%2FCLRuzmFc6p9NbMGJhTHkZTXQdQNWWCFtMLLC%2B2F%2B%2FwF4lUGaYfreB4Qh5DoDSwpMU8z5CII5MsSKQlkFR%2BWMWT72gOrgYgAsSedhHXUZBKPv67ZnrDQQOWZDeWf%2BSPBq5cHHXNN2UFOZHhnlJqReVXMRFRPFxcgH5EYJpksUQIiMyx62hT0dsi6VRminezPmyfzoWHxSXlnKU1rJ0mYRuWDibKquKWFXDXPb9By5O50EvmvsNyz%2BLqJZNatF04yLINGk2nh%2F1bb%2FVv5KJnSww30PeN5F7OyCjImaJt6dVsp1Tdob%2FZKURopXVPxvBWL6ICh8L%2BMKXKmdHEm1MniFZ2ilo
2024-11-29,MRC对战GW,13.3万,https://tophub.today/l?e=4da0xCS70K9kPTzjFGrmuTDOSgo8x4sICRwBkcAXiJykzMb%2FVtS9jQp96h4Gf20DOVogzkv%2Fc%2FBtFuqa2FBouAYjRVKDR3ySqjh6J8NdlhN2izUwLhm%2F2NuK4mPiJAqL%2Fm2nP4cxYJ29gxmnRrO%2BptBVwXJNJ0p7ZqFS1SwkmVJ4Ypnf6gY
2024-11-29,有毛利兰陪伴的夏天和秋天,18.0万,https://tophub.today/l?e=22ccfgUeiXRiXNqjMyZxh2Ez3mmHtLqzE93QBIYgQ9UmtnwQlmHNUIVD8hNTT5p%2Bx8wm1TlJnoc259p0%2B%2B1TqRgp3feUaIdAD2humtB0U%2FCw70lNOwkQlzqgkdxGy8Kzq%2F84XeW3iFBut5B%2B0toN8IWwXKlAF9%2FSTkx17F3endybQjYOkPzRMW7urBYKt8GD0YP9wX4hGa4lSsAbcOVfNnz69QLA2OJqaKJ5Y5JscZUpfWfnTESBl8KWdzMmRf%2FfuTyH9D8nn%2FnPLjVD93rzUpbDfhl6nxzDpzjyEjwF%2FVpGK7xfOeNRfBRKplWuK6QdUSn1m0KoPmOaHJAqk%2BE1yYlZzLC8uHhzeooxoZPbSdbrdyi%2FZVLf
2024-11-29,南宁一家长称15岁女儿孕期被砍伤,16.5万,https://tophub.today/l?e=f454MGl3i0Z9OrEpRwcZEwkC1PW0png3w5qVVuE3Xpku%2BmKRE2oroF9skx2ncixW53blh6bJCHuBeupjyWDrIYzo3epPlaMjhMTgaepFRfYFDeEckHbpn7lgMEEMXknVU2m6oK1vRyVFzXArelkBRBXshChLVbkcJLR0ij%2BCNm8as8dwyZNOY3vWnduz9OgpCD83nB4Ch4H0w9MG1OofvEF1wF4YQBUySZmwKFpHKz5qTaslQOZUWBnPehgBZ15U5MBMcNOCzfeCX0SvtvQQftMqjyPRpwnhay4qrO4zhgGg7aVQUk82ELSvrK7%2Bn%2BGuDujIH%2F7o9ddFqXAXxPKL1Bd%2B59E5N8t8rRcQ8BFm4huhdClxVMecFjG4r3%2FnpeEC8l5IW2xwB0tXwc6hOJ7KqOM9APCqZXk
2024-11-29,杨子黄圣依 人设,综艺 141898,https://tophub.today/l?e=79demf80ZeGmLbd%2BwYCUxQoDSrriXWjL4pW59uEIqXCFhrz4mVOPNMerBwzgkWM5H%2FUMyIMYn98NjIOlEkDP%2B8x6tzWTBnHhMDwnphLgoeFfWwO7Gt5DxIqi7q%2Fxs384SSlGK1vg1eEDtB52%2F51AB%2BAEF%2BJUz9HPJR%2BzyDbe%2F%2BYo%2B2qnD884xTblyh9BWVMAMdOq8mmkiCrnpRV4F5g%2B3ODtFc%2BVrfibveXRVWHfEK2wh1k5qq4OsC79OiwTLttzEuoGkZtEwz0tG6DCxSqu
2024-11-29,张予曦 初生天使,剧集 127019,https://tophub.today/l?e=1918F0V2%2BufKIGDsnHqVHKiM9buPpehlvrmO49%2FD1IdgRdS9o8LULOHqsRVP6nF4gPLwqpG1TyJe%2FItX0KMV1QhjYy14H%2BNIPVIM47J80MbdLobY9BP1uqT77dnL6%2FKM3858UKCha7kUZ4FaXrLBVhZl7Xer5M1FYDn2d%2BYcN7EoU8yicwrxRPgEUaU76UdrTDByltTosbEXQQ5YPsz67dmROCiyeliw6sFsSvbREY8DTDyiJgTmaown8jgeTWC3DnZs6GehqL8b0p8eDOSs
2024-11-29,3人1分钟抢劫金店价值千万财物,27.9万,https://tophub.today/l?e=d2897Oxj7%2BXYmH7OP%2FINdNDInigR%2F2vdxCh8cK5w7GAm6cSFKvCKdUGG6YFr7mlVytN66vZeFa2Q1uZzSmnXM1%2Fgt%2BO%2FE7ef99Hkzqi9mYHMJfk%2By%2BR%2Fvsn9yXcUweCspdDHtI8Bv2zU2ZJlDxblQIWdwF7aIQsIjrOfFrfcW3GC2Hv9kT112jDGdA26haSTPC0V4Hp%2BmmMsK5LZ%2F8xZT95xPvJNNEfkthPfVeXJixptoLX1hUcr7q1ZTX2GPmVqPEA9lfsZd1OtSYIup5l8hyKyV3s3c4E%2FWoS1MIkX39bIfzPc8Z4AwUBFz6Cj7cYwUJYtSAjdtxVhBJduAtNnayplZ23w6QTqmUGBrpx1yjmQMwQunkBbIbO3LOHfjG0PRX3LM6my6jQ
2024-11-29,派出所回应山东一金店被抢,19.1万,https://tophub.today/l?e=a80c6NTLXnF8oUGUB8dDyBt4WQ8VWKaFbDu76gIQXKqf%2FsUKZLXsa2rJavD9g%2FptgwumNPBO1tx05UlTzcfeZE0yb5cbS4%2BYQ5ff94IoYpmdhff6SVr0YH7pH7u40zuNarKPxNx2yJlwPesoITrKpRA947FWbJEuLPntdThGaYCiSxFzIfgR4p%2F59avPgyD2Dmm6py1hcA7zOuc%2FOaGR%2Fur6r3tB0dpy2Jneo9dL5FlYG9r17KdK7UVhQnHu7%2FzTmUWVt05a%2BOhFxOc1HYvyilQbkLZ9AFEVATxxPE%2BG1wGaaUeCPVNFm28k0oqWbRRlFSrzL1VuWEfmHIcOQIqk4SXEsy0xZAzMVMxjcE75t7h3lnlG8g5z
2024-11-29,珠海户籍居民可一周去一次澳门,15.7万,https://tophub.today/l?e=430desnOJiVw3LBbZTMN2dr5VQneJZYf5BHOZi0IQCg5q7CtrYEjpI3YWvmu0%2BZhKuRz5FN%2Bg4hbKFHqOTWbphTqGOKUGXbcF2ySHJNbne0k8ywIGoqBL9BbMgBTPTdcjgIwpQo4iRVVTaxHzL7lglfxvQiM0UcHHDnvwLo2VtNsLFCP%2BZCKu9gVaId8%2FW50oeebVqdAczX9oo98A1%2FEPp0C674SfQffkyrjG6o65YmabVB71mUAlcrW37XVnudMRCcK4PUkQwfKrEW2MjBGEgCeuPc3ul0m0JBt9lWE7fm6Nzgn0L9Ltlay7TP4AGDL39C2907yHQqUmV%2BK1V%2BTqt9W3wCx8w9n%2BwfRddsHJs6wkDPdHVb%2BwsL4G1ZONNJqr77bTz%2FK2jYL00w%2BMy5hKhg009xg
2024-11-29,蓝天救援队辟谣外卖小哥海上送外卖,,https://tophub.today/l?e=382aINbz%2F%2BL0VOmYCcPLyOD%2BzZXby4ZKbE6DG8HVss2%2B%2BvJJ439L2VJ4RiSN6jFAwWMZlBBYR%2BUCtVj7PvYVBiCp9OUl81OSWRfpz45l%2B93Fxw0dORIb02f8VIVhZinWpzNEeK2tgn5joACkW8wn12%2FG0OPdJPqIA18Zk12sm8SN19SqeZdL8EYCh8NWTg3TSkbOZ3tUijoNzcwpaJT1ausPkzZj9%2BvWKmiFFZ7peFyxaoAUXIsuLlCF4TdLJeFqgYOz6UIWD%2F2n%2FWPlEseFrYtz9hh2bkWlPkwosmCdE94T%2Fzb2z62kuC8JxV5IWheITcY9sLzUL2aO7o9kga3Jc%2F%2FJ6zbPaoVLvuoT7Eq7SGkV63orMXuTXOZBocq5ZdES0C%2F1W4YkaLzX1EcF59kP3%2FkwD%2FH1GKlJb7HVjFVhDZrDx66IBRRQTuA%2BAbfQPY995Nv%2F
2024-11-29,卫兰她整晚在写信,综艺 136195,https://tophub.today/l?e=aacc3cbRXDy3hE93AUUq1jzQiLHvONyAWMEwwHPFntMcIGwm2whEZeXHGjB0NDJltvw85mKoUDiZyHNVKJWzEhCugu4%2B9EDdxx0HovxuJfMHsbrr9V7395yED8eMOgAJ%2FHXr9rNR3sceY3uhMUq2WmjoCyuwcoSW9BGB%2F3Wleo9WyWHJsv3iqoVOCkf6YjVT7mOusFViI29XHiPFECCLoQ1z9T8VuZPWmKXd0Daai9Lvnq0Ptj4m%2Btb4nld%2F4PYwm0yZESJr2afX003ptjNnu0LPG%2FyCMMEt2LMT
2024-11-29,鹿晗好拽,40.6万,https://tophub.today/l?e=ac38XLjObrywPsq77tegkzMJ1W7tSqkAdoljh0jMkmDqbx%2FmRaf%2B%2FBRgOa4mK46mb0ev%2FAilkqqbf12ecN3S0%2B0TQWa80NVF%2BdXiyNUDFjCkVcskjXTFlPFrZzuJPWvNxuZ4mzWeRB%2F4em4sKFDp9BTC8%2BN5Ulfs7bbwwRH4Gw%2B5oxP2UyC82db9lOBEU1vX%2F4nXGqmSuDhJRlkcTWkP
2024-11-29,108是法考生的幸运数,17.3万,https://tophub.today/l?e=a993wx1CYdlwUJDhgrNK%2BELRZvDYF86r5BbeUtckJu2%2BFc%2FrD0KoVkx3ijxF2CpWxsNtwbea6jBR87hjqxNi4KFQroCqj2Oy9PBZ2T5q2w1HqzjsFkUH6oLOQJAQ%2FurZydr0hrTYWQ4KQmKILJ1hQGKUq573tErSeSW5K7YNZ07GryDJyu4fL8Hs%2By9xE6nyZ3Ym8L1mxNHCan2hQGUFwbh5Nq3lE8gvH7vBvkgl1X85ZPb2HrhpUFAVGCE4RjIt1ekwXAvD6IDPOoSQfeOEr0gIaBIeIrmCjiCVKuCm
2024-11-29,NewJeans解约发布会后首现身,16.5万,https://tophub.today/l?e=7078L9gAoOXEw9ja2R6HnTBmlkJBD6sWniJcLEdfzoi05LcGjzewpYA%2FkkxXMiN7ylVF4cp%2FM%2B71kMKz1qaQrE9c74mglTUMjsfV3t%2B19M5FJqalABmDC%2BxyDB6ntOyfrQZARmhBDjqsUXJpLZ7EMp6%2Fka8d3Ex0DRfmYg6l7deK8d8hXLX13X8JaBZV0zeiMLoHl9tkUfpzTzStGworW6jifgRwLlSpgE%2Bkhfs7WRbmMt9Gvw4gGWm%2BHXMYVLusJkO6Nav%2FW2FzBr2St9gtPFtK%2BIphL3keXJZ5mTgC9%2BLv7D2myHcDqiWwCD8n5MzQpDg
2024-11-29,唐嫣COSMO文艺女主大片,16.5万,https://tophub.today/l?e=7fecuPukk0QnGZ2F4uq8iD30hOJO5zvSxnprEKiPz840pCo0LGwu5Rqv%2BAtUMpWxTsB65E838np0qSp2v8Im0l7OtFS4fI9Io8swlHvgjwFLBk84O9rMcmdmnzYBuwrUeQUW3pmJFK9KKYd21zBYhWWmIZhSOvdBpzg0yP3l0MXMHNNwd7dA6OI1PLZPqR0cRL1aCK1K3UVCbUPPyiMbrV1Y3KCxMTxBXDkAQDBSpKSOLTwwC4TvD3UV7ebiL9fonoN8CAeREmYL0ikXYEC0eUMy21RWlxgCRB3kETX1DdQ
2024-11-29,何洁时隔十年再唱rap,综艺 181138,https://tophub.today/l?e=0702VKMLlkVMIATu8SvTuc%2BitkS86nDD4sTwZtw9xdE%2FpO1BnRmfyRfz7Kd9y6YPJgNbl7RxopBRNcuW1HZRtagMS%2F%2F2xB3gI%2BQLqAOtRGsuq4b2TphH8%2Ful%2BP18GO4193jVNUuyjBw4PPLuWnhesTp9XWWjvAo9iJxWK2XOH1E08sdRATym5OVIs7FGe%2F1y5tZUJR9rHnamNK6QU7ssQ6sr7D4MYszkN%2BGjyg5dof7m%2BPSqcTZSDiE2VAsg0TQeqxxc1HsR2KiyB09T3Ej3ohOY252C9F7iKmFT3vey
2024-11-29,古巨基cue宋亚轩,19.6万,https://tophub.today/l?e=2ebaaJOeDJEx1r5cEOOUUEJv4twdgAHyaWfcDX5wZb8xhL0JJZpJIcLL2PLu1T7VulY6ZXxQSsGfhCQ0B5Vxj4MqXtvlaLvyMEDGc%2BdNwgV7bhzoE2QA8keFYhDVi6dC9VKq%2FIN8AkAEh90y9yHCVTYJ%2FsMgJfjVatoINYoh8Orq%2FjDIkrQ0CW1aG86eJH3i0k3siJyRwxsL3zqbiJcV4WK%2BfYBSSQChl%2Fa51%2BoAAKbX7aPnO7w1w1FVWc2%2FbP4J
2024-11-29,WBG官宣Crisp离队,12.6万,https://tophub.today/l?e=1c273VA2nbeDTBEVVHSFOJeYeq0CHE0ikQOmGgiXZ6A8q%2B8N%2FtxAEqPgvup5MKFje%2BrP8S5r1tqpTDn7AQPkEf5XqMD4FjsyBeDdO%2BS8Jfa%2F%2BJUzoSEciTKJAZkAtGNZrQWeTwaEdi%2F%2FHyK6oE4mFkUKwwn1Pop9h2xJjAlVEOYHKV9MQ9SuXY8C4Y2JNWYfLwf0Y8Fqb9tQTosXBLEecVCqhD9GgW0
2024-11-29,11点05分是郑思维进国家队时间,14.3万,https://tophub.today/l?e=a456T24BCi7hsSp6en4LZEvo%2BmH%2F51AclYUDeH1pix12c28DqUXHVow%2BVhTgJpSaqrhHIVGy%2BbM8pQSObENya%2BXAAigI4YQbn%2FUt7ytYe1rVqXLVYzO6oWUODw77F4Ly6%2F%2BF2jC95P2yJM7jAl6yNS3VuHkURHzJrMkfSAjv2%2FYEEwWGf7Jxzp8wd85dTnQnH6YbzSBgdPTaHcy%2BwnXH7zN3YCvoqbbjHh8LN3QVQDjlXw1V1Mv4bVwda9%2F2wAC%2BKkweLDqIGqAKK%2FdpG3NUNuOZSKpFqvtZ%2B667LUR5%2FMFhwrKuENtf%2B75O%2Fs6mRmykpm89ufbH9dH0kbwjswWPhc98Ej7DA6P%2BM%2FaUYDo%2Fu3CjqUTmIlHBFGOUow
2024-11-29,黄雅琼回应郑思维退出国际赛场,36.7万,https://tophub.today/l?e=14e3sMoEkLSgqosKAgIu4kGiK56gNMuhwspK%2Bct1LMKGeLLpHPmpvOt2yIGjn%2BsBihU9UOk%2F%2BTYhAE7ql4%2F2DZ03Rvk3Ol5%2BqaoIQKR5cU5vLWOz9PirWUNw5VIPW440dO7Gxbf1LjPi9dH2J7CzKChtoRKkVWQVQCS6tM%2Buwc08C8vOHCBHWAJciRHKKwTnGpXRSdAVV1IKvZ6Z4MfIYQ%2BZEbboX%2FpgNOWlqTs2nozuYOiKK%2Fhu6RBByyVFYq1pJitv89Z9ztyo1zztBn7f9mUVEdXnqo6iSvEXMBXM5nwNxcaHeNMx72HGbrc7j5pBAkAZ2BEPoI6eWtbz56Dk%2BN9BigJ7ZwKGkX1dDKFGymK9kvqoiVxOZqaj6P1Bfw0LnBPLm%2Be3j7RX9qVYtupVcl69DX5C
2024-11-29,中国奥委会祝郑思维一切顺利,15.6万,https://tophub.today/l?e=073aV1BdeCyQ4ZjGQfGEZTXZl9CvrMZhTRODee69aH8%2FHGMe8kkeOnLArpw%2BWGYFqmQdy87Qdmkh1Tn2uD5pd%2FVPGtZJrT1sRw9Rapr91IWYeHpx5u%2FHyhKt4UAr4WSLWE3DT8K6AHwPLQ0jEXZURbpuCFgU4xTJio2XOdei9iNsxcQKiBe4A1%2FvNUp%2FglzoOHFd0Xz2tE4PD%2FG0RQTrUSH1jnivMakb6oWtvia4wePfU0KT0CPSGYISTYKKCcEP%2FMPs1WwQUWM1PFEwYk2Ma25FeZGIUkJaeRhaL9KgMRhs6StH3YdqAgKYBBOuQvPZctLqu5dJhritKAY6naoaETxdBbDCHmA9ii%2FfZbQhXDEzRoD7308rfJgwu%2FlL3FlE1HxzvZOY
2024-11-29,陈少熙预言家,13.6万,https://tophub.today/l?e=a38cfb%2FFoe5PMKXtCKVEbNyiUDFWkldDXutR29S3feM23%2BpQfxhosIqTryFKPj%2F%2Bq5r8mqHIeVy7O2Imrq5Aw8DArjsP%2BUknEaIMJlxTl%2FtRZYX9GaXArozQVcYFtMrikJblo1ncsgMutqwebrh32PE7dI5X1fHMzpikfuZ9%2BE5rVTZn3ars1eG%2BvYhpjaUDIUCbldwfzcSJGc%2Bl1wbKpZAQNwP%2F7guum3blr64e1dGZXfT0k1Nt5kfSk1an
2024-11-29,羽绒行业人士谈生产内幕,13.5万,https://tophub.today/l?e=0525%2FMuqkaqY4fqAMAQhekOi7TcwSV1kydZIA5iLKDJndcIwAWxem7JWao0Kg6GdKkVzERWk6yzg5t%2FcmDAURthBp3K60SpelzXi7d3ZbZ9UHNejMobrui2krvcQ5TK1t1ud5E2K56le5TgxQ8oZYleIUcuIplM0q8vOLBhJ3JF7gaBXI6fTnWIx0HjE6a%2FRNbjF%2BhUwNBcKQnuk13%2Bn0C2t5IYhpebVD2JKQqMa7zjB%2BpEfNWdT2QgPo7HlgYgpjFoAi8GoksOSvRoLeMZLwvsPjDXYFPY%2ByWhMtGxAYXC5MS1WCQAj86vrJknzFkDtIIqpAqJ7RVFFUjJZZz0Bs26fXY0JpDmt
2024-11-29,官方通报学校食堂吃出青虫蜗牛,468.8万阅读 | @新京报,https://tophub.today/l?e=116dBnsW%2BboMqOtJXxSiBwsBcjYSuy0gNoFSvXDZPlW7V7c04798hy9tUu9ESUHO0H48ceN1nsTgyojGFFDBPVXE3bploPHlNanZL6qKFsIxb1GtTeynGtHTrurBFoieyZF6If%2FbrtXrbUCIL9WD1NfHIPY8Gw3ZznLtUlfIRkTkePjC%2FkMRFqxHBaGB2x%2F2o1xbQFI1Ler1CjTxSX8AyCIoB4xXPeWRTh%2BqblbJuY9WMuRHeMdBA6KpGIhrWKRMlMrmnOXEUwSSjxhVET%2FP4GKRzFd7fla8lVsFBafsmgzZou9AxcFyWHeiixXOBwb2cSSHYA%2FKNzrme2klD3Hu78TvDaZdYDKYkY3LgGR6RLFPgqnbouMjf61VQ3eVGKl84AOPq1oCYbzX148bMdXq3RO0rdhO
2024-11-29,婚内婚外老婆情人饭局修罗场,剧集 116034,https://tophub.today/l?e=1230zdhgRiJl%2FJRuraOm0lr7k4aCY29X9i9bawe3xU%2Bv23L%2FF49tWumAhFCif0NV8Ss%2FTHbqI10aUujY61Wem2SgsUn6%2Bj3dkPr%2FPRXoVCVGJmqwOHvLCtj5zODKvTDwjbBSye64JEAu4T6VwQUu7lE6iocuzkddw37EiC%2FrG59vLeCl80u4CZ3d2%2Fu3p53lro%2FDafW7XL%2BKl0EyYv7eH6nZtdnnftZU2i8HVZYbfR%2B65%2B%2FOiMcC711r8cjvwWB7oiNYDaOtbsWUgwJ1gc36CBHZWZ8LhMsMjW5l%2FzLYc4hHuCQN3TKm1f6s0p8O9J%2BvXBSLXQrjjpzyOp8rtnTgfHmoUwURKzuLkYRiWqE%2BLeBIhe3BziiaYEWH4X3LIQPZT8eNSbdv
2024-11-29,Puff和Langx和解,22.8万,https://tophub.today/l?e=496bIM81N9tfiWbS39mq8Ya2LflH4cWH3iYKrPGzfHFwk20pt4dOkj2ylB%2FxsUdDqmh1c%2F9kT94AUGncGCLeB%2B5FPMStATgU7zeVS%2BGfj3B%2BDNGDrK8PHlFyg0WX%2FfMiu5qmdBxBHbeWwzwo1GKg1Fb%2FfNoykcNiwrHxqUp%2BC5WEfrBrh9MhHYlcT9iS3MUSfBkF6m3rQ%2BGz
2024-11-29,国乒备战2024成都混团世界杯,12.8万,https://tophub.today/l?e=4b3d2LoPc337Y23x1WnUSBwDXPdK4TqGMYA%2BQId1V2Nu%2BicM2BfQnkys5sX6c%2F%2BgZYEd11EtgkLnZcRMiRHVVkQT0cQXfwNfxQJa7c7F7todrw5hnUYoNZJDz1nP6VJ1iuZS8V3FtMjxKF%2FzhRN9VEzUbO4klcqTqe4ZxvopSwrWHY%2F52c%2FZkbUyJnjYHSQhWJN0u6rCYxkuVHCBwxEYXf1q9xD7IxkPciTvtdBpqKhTvKLMRETz7ryFCG1mwSzXZZ2GVp7sYLhNTV3BU0ddDRl6me2BBTyfzY1XLJ6WLcgthPuJeJjvH%2B2TtD41EOqeCATY9Ix9tHgvQKBsG0c987eKzWXeTBNgODh9gw
2024-11-29,苏新皓我记得那天阳光很好,22.6万,https://tophub.today/l?e=0acbw5jn1k8wsVa6JSrH8FH%2BV1Ne5kOT1GIvC5XAfmHX6U%2FFiVIrrmw2r9lZJ8gF8QkUqh6%2B977DtaiS%2FcReS8WFx6tbkf8hbA5VpTP4QFih%2Fby2xKb%2FTjWrsYSyplDYyrIDA5Jc950R2JxIvKqICvnRqquGd0ytiJRPrE1BdtikeEMaTl0I6rAereYo5Q2%2BRpnemmbUV8fKHqdvbFrO4TKs%2FP%2BJndrs6KUdxU8VfTB9wpDJD4EQUIrVImP6PfigyuOiWK7pxpIs%2BQ%2F%2BAmmbvYDBDoodNGAWqvSqW8zAjJW66Pf0BdAW94AlkQa8gJg8iKOS3NAGFtJRIMiVxAtvxhlbcpF3a1xn4P8GHtnFIVvVzzIEICM6
2024-11-29,金泰亨单曲空降,音乐 168164,https://tophub.today/l?e=892c1Ps6L%2BIieTh%2BokZO5CZn5CTajBID4Eu44E9N%2FRQXc%2BcruUeKeyNqCs5nSB7%2FgqGf4eultZzEF3fBUUb0QNvUMrVnMqga0TGXBzqOufdN%2FOSSpyffgbGO0B43lTmj4LK5wZ%2FJgj871DyE7POIpfI8W%2FKQfrdybLEVFiSWOs9T2G3NXR0mC5XjhHo2X3Ip8Vrl6P%2FxIkITwb01FLIr6JcfpPyrEmucdBKXxds%2FeMl8TWDy68XTlHtpIhdu83Y17stn1JI%2BEaBGaxTF
2024-11-29,唐嫣粉发未来造型,16.1万,https://tophub.today/l?e=ddbbgjp5HqLtgpG23SOAY%2FRhfbWK5tcAM6fuS5RYg0shTpgDCFzAayFs2WUaWq27sGppz34C5%2FY4vnUi20RXJOhvwGRPGrhfdZbIabnABMIFB1qSGYtvcMWUOds1IxgeJA3jHvqH47Kb5TZzkuuGi0B9pRiKxoNMaoRAYYlZtrQ7Rcl%2B3MoHM2ZFcPE3OPsI7o5lfKxKLxEcr4sp%2FWRergdX0IsD39IUdxZ9iz3Sf2YgY9RrbtYP23RorYL9bkcwFV2yYq0MPPeKD%2FaeiFa4TPyiY49TrD%2F0hW%2FE
2024-11-29,冯绍峰接想想放学回家,39.1万,https://tophub.today/l?e=4585AXcrR8DtAYpHAZuqqD%2BQ%2Fq2NUCQeRySGmWgKh4wY%2B28MMuPwgLYVqcWkFWJf1dNudvQQbM8xVILPjWkCmI1Xfenp4TXZYrGDF9xEI6chh7lPCB0PwNeGeFoXwuLtHzOhko%2F0O2mhNwvCbb0gRWu1tCDdEzEksN6CBY8jry3hulFJsvOuVccz%2FeKedjRP1RSIo%2BFDLIVyCmO%2BhR%2FYfYDugM%2BZW1KEAwXxJ3mmqpEUtoiHmNVSOcLtcbRqSWrnCfJDNFmJthiyO%2FJjCEAOry07CBw7tAy2tAXFlA6jfB8N6KQ6M0ib%2FX8l%2BFfQWPDgKWMo2lcD%2B1LZ
2024-11-29,冲锋衣成顶流是靠什么征服年轻人,13.9万,https://tophub.today/l?e=4e9d2qACTi%2BVYK5H8KiTn1pNeLeLDU03OU6vjDJv5lk4jzt7KYV1z3HoT889NAYq%2BPVrQmG7H1exs1YPG1zDiUY4O7YuOEZueaE1JVdfDjt0G9gxhQp02jRa%2Fh10aBLGA25sD9oEF7nCx%2FaKc%2FxEluQ1jvvYPlM0gh0gisGovfARHPmiMh6WUO2kWUmtONOiuBpYySiZfR%2BQu8Or8K415meNvMbegdbsJRIX%2FLe76q924jJm9OjIPODyZIqJQj%2FJQxzvcxt9VQ0JYrO5Y93hJlRZ8Vzoi59ofmIc3VXaACOSAvYZsxOQk4bsfkP1uBY9dDVDgbC8%2FumJ%2FDrs%2BoDtaXg8wSmAGyM7ghfM%2BGHvnguyfs6XHkN5mUPcwn0z%2BiVIDvFfjcZ4w9UBs8gjK1xkzypLlXOdRuclWJ35sF7QltflPkPJ
2024-11-29,闪耀的恒星含糖量百分百,综艺 186584,https://tophub.today/l?e=e237PkLhKacUYSlYvobjj3avLONnBd%2BR9RbvI5fJtgPsEKfpbubT36uAoaREeZAQuuaDcjanA1b07LOTuJcrS9hQ%2B4wuooFr27FhYBb3N4cywCJ30H9l0m8ZAeXJjAecS48qH85H%2FHZr6X13Zyr1NMxGmcFjkle%2BBH2tLwq3DrAgzAnVMsz9ee1JfDaI57Ukspkvcdsclfsj85l9OBfeeb8ebD89IfcGLCRx9OGe5ufWBwi338Z9lV1uF8Lf8gAQpoHOjGnqgUZEk%2FlrfHdhJuucL05pS0rWNykGQddhftMr6rYZiJsMR%2F8q9BEZCqcH4XXaDJet5cc%2BHI2kwnvKbIDKfH%2BqozkY
2024-11-29,赵樱子出道12周年发文,19.8万,https://tophub.today/l?e=8ef3tzwO3yEYIK9SD0fWM44SlSwkrxYx6BJDteTzzKhR0uIINh6g1IfVfi3%2FHLYEFsRxpcRYltzZz6vuAtMok7hMS5Q7dsG66DSKxykbiIA2rrGY7dYnE4FRgnmMXq4J4DlahiJy%2BJyQ2flzuS4p%2BlmjShG2ZO9%2FH8nvYi6EkKjtgFEzKeud9TFjqQxVq9cOorkbEiKgX8SN%2FoRTnVf0MWKj12lhVtPAooYVxkZgouFjS9g9ZDOSUQGcTkFgwXlaFtDU8VGl9jCprMZYYwmiBVrJyZ1KiwtpffFNoK%2FB7K5HS%2F6NSNbwSSDSI8Y
2024-11-29,世界羽联发文祝福郑思维,18.4万,https://tophub.today/l?e=2181zjgIdhWXfEjo2%2B6T8I4jwaTjuZixWvimKWh9a9aP3FTFsACDMa5um%2BgNc1irYU9OqekLTsAfQYF2NdP5bH7JE%2BQoO%2BsJLUteie4WU3hNfkfX4gEH8xxFn8xsbn5IIzopy9Si9N%2FZqE09NXvIiBfi%2BwcptI0f8RLHZXFjucBIcPM7Ch58635RCzAKaD%2BPC0tWY6l42XrToahaoTpqLN3wrIeLF%2BBAGza3%2FkgiFz8fPhCGqhjy1Ssa5AW%2Fv%2ByOV4PlbkEG39hdS%2FkzUi%2Fuj6ljBFXegwldj0mx8%2FYCSmFvY7mTsNXisKra1FSvG%2FO6oiSRLV9mUKEcpi9DeFby2VnPVZ8yhM7k
2024-11-29,卢昱晓看预告片才知道不是自己声音,剧集 156116,https://tophub.today/l?e=6e12OVmGaEAZlV9u61gLQd8wYAD5CusYMs8ckoZWErBUpkQ4Eh%2FPArgC5%2BcoXmtt0yq67CVjXX9p48btXLjFALifQot8xa3EfNyTt0MIDZ%2B9O%2FV4qNBIASCdImsPHLYDm9s5ZsVsrColpGHqy0vT9wrvLtIHsn9%2FAP3bhg1TPVtAof%2Flj8wKYDdEeCy1jYx6uC4M8dJdQHsCetpRWzBhd%2BKoD3DcfeOOTor1Jli96e%2FNFhmdXGtrHStk4xtVlYuu893gxWO2Qes1IZHhHfO9kGzlPJjeFDpjaYCghcE%2F3oVDXkIBaaCvk7CTFe8Copnjs2ummLIQuw%2FdpHP0nkMaC7GrBYn0RC0EI7Prdg0O59yrN9enW92sITI8Hqz0OKYNS9YaZYvZRyLv5Is2rvvGn31h6OXz3iX02JSib7Y8krApFAnsTIMbakWm4s8QrrMMFb6m
2024-11-29,孙艺珍为2岁儿子庆生,26.0万,https://tophub.today/l?e=7656w0rKi6n8p%2FqbC4v7ipJPYgkPQTETxbyvgLSHrMYsvpmAsXz6kfufuodlgUV1nnETvr%2BUVVtwv%2BwCD9osS461UgbrcbjLyQUFwMFx6nBzkRKV3F1rnktUbTJkWIn7Yh%2B0RN9tvna4H0K5T0V1uoD55kuHR3%2FXoa7%2FU6Jufyz7FM1o7KUNpy0ix6aHj9eapsChEv%2Bmg4DpHXfCeNkTJjvrulcEDlBvZoY0cMpKRLvuHQHpnTJUlfgQzis9flrPncSD6AhahLRbPSJzY%2FWO2pmCY1qyLCCJiqlLo2S5%2B9E872%2B1A3IF971yMQ
2024-11-29,田嘉瑞新剧民国版杀手不太冷,剧集 142358,https://tophub.today/l?e=c29bbAxIWOCxataZ6i8mTseVHeRhFVFNFfh1BhgaZPzAfVTVfefq567Wmjcc7yUhXj4YfabsNbbsNr4L7HeA1rAgXBBaPikOBgelWXqCJJfGmpWq3wxBif%2BWcOmRjUxkKs%2BhzSAIpct9RgDiTTD%2F9O20oT31sFS6OstcFRitgDG7mmwTpUdNgT86jkKVwkxFJSBGTXNHPMLF0ryjiZh%2BSclfqbjaRDcNmjOrdjrRMvNYW31BCA%2BS9zMY%2BxKT9wjFvdSCMtC1l3ogB7O3%2B2okeSBDezYGG3DNAcBPfjqmc4MGGQd8hTkVE%2BIOkw9OdWuCj8b%2BSBOVuaO%2BKIJxjISz7xsxuKt%2FkHZ5SoM%2BenN3asz%2Fqk1wptK9elkVYX5B6IriuzrZpPl5
2024-11-29,央财教授称股民套牢是好事,14.5万,https://tophub.today/l?e=c1cf8Yy505zFJoLDr9C9bR5E7GPU2FEXV48j1cLDXPc%2BQn5QGUz5zxUQ891S1YkPWAD1unsc5j8IYrN53PY91MuMUmbbOewxBtZL%2FZNgCTGwNOAi40bocRNKr2uPKy%2BiCTtsIVuT5PWBiQBg4Pyt0Y1DIL05WtUYgnfhC5KbsXSuNGN8smknL%2BSEOJmo6PAVamjFmGnW%2Fmxnk8h2gDYsEwOIwutBTg1RP4XvfAPz8sdj3mfF6cUKmUmWe1kBMaypdmEJnES2SI%2BjFi3UBOle%2BcmHomzk8ZS4kuqMx%2FsHGvVlo5PlMdLIUDihquJqP2bGg%2BCYj8ufgn%2FWu6kfyVnnQ3XHxA3zFV8PrMtsp4ZMVHAbfag%2FOvA7
2024-11-29,看雪当然要去吉林啦,11.3万,https://tophub.today/l?e=0ff1G%2B2dOqBEW1w9zb8%2BeOxD6Tphjv63853EjYuY6fhiBWQ%2BDkh13Q3wDQepriluGG%2B%2B0rJ7ud9Wi1NncRUSGdBtQglD5TL1LuALLILN6DiHrSc5aUSZSSZmur276OM9f%2BAfh2PFDEqAlMmwLgou9MJR38RxHg2Y8TgXkzSlp421fU2Y3hHiyTdzm%2FniB4XC4FmqDiHAq706wS34gI85qINVYSQvd3hdswWFStirtoCA%2B7t6Hu9TpBM2A%2FanxQE36pd%2By9y7PCQGL4MVhYMOczDYPK3ifsdYbCDmr9hRKXoBFpgqhDmWNcVl
2024-11-29,筷子用不好可能会成为伤胃刺客,13.2万,https://tophub.today/l?e=8ee2mbmGj01C%2FAH371EQQOnJ8DPSsXEffXhWvQj7Xn%2FLdhxSDn2DZaY4XaHA7uvu%2BOa7b%2Fbr2n5PyFT1%2BgSR1jZcGtshRwEoHMbbZ6rmREIzjfp1ys2WapcIjYuADVgsR9O3NDAvnwtUNrpSTK39n%2BJ51VIELWJmUX3qhr6R50qMIC1CTTWBryhNld02vOhDWjL7nAoNxpFVt96otlZtehcRc7ySmJfammLl1GYr8kqRKQVHI2XhwReRqm9rYWafGzyIm7ypxEpazQg9yZd2U5aT7cpDeUWGdo0oW9vohaxmhwPWnbF%2BzTp5FpbohLlF0Je1EXXMxs%2BQ1C0kHzMJLir%2BHuteKD%2F8rQwP8Mh1wJB1t8vgfEUYVotjuI%2Bs2oLMEMfNVQ9T%2B9nd6GNMbLwlRSzDV4IT
2024-11-29,山东一金店被抢损失或超千万,42.0万,https://tophub.today/l?e=2018SEF45iHlXPZm96Nmc0LKAScM4bWjr55s5kIi%2FkfHNhUdf6DYU0dZXb1QRUq%2B9%2FMx2rR8epkbsNntf%2FH%2Fos62yWTyxCQqjKxC%2BUrdt7Fkl659XHSTvi%2BHKzduiW3Ce%2FC%2FkfZb3p%2ByAElOTWcpoZT1C6bvMAZUwRvFPS%2FaMZmKvq9mVoSS2U%2BaDpkfPgZSseZ9s4%2BZ5hluGq0Kru%2FcaAxeHZAES6HuS7o%2BMTuY7RNOTne8Uaw8z630pWKfPcIWi7mEEBV%2FwM3tpJ%2BS6wTP%2FpkNYve9K684VU8S3l48G3VWYyeOdLUECkGVnGyDoMWhPVke8aPLYNWtE2cUObw5Ite0Tte%2BAjKcH%2F1CMgXZwaElzGStyOMsxPtHWpgNgPo9u8byZT%2FF
2024-11-29,张杰第一次平头,音乐 134225,https://tophub.today/l?e=bd805EafmZy9CN8LLzcSCEGHMsFXraOV6l9%2F7MFTowtTe2d3sG0vne7U5gG%2BwCbsvyOazf6S%2B0xiL3CPSjKT%2BbTfzd1t1wQ8MCdKEPdJPfmEATd1weh08YYPEa%2BmE%2Bx0pUkkP%2BcY5pPnBG%2BuNuTteDci6a8UDEfAzLeS2zib5cqvz7hvXcaRw3lg7ZL%2Fef7ACf8Y79xMy%2Fu3c%2FxNyrPbjLzwE0IvVzPtMq6ZTFVsxAfZS%2FaGmL3HJ6lzExcFMSsgWIH4S%2BAv6V%2BecYOw
2024-11-29,曾舜晞参加尖叫之夜,晚会 223911,https://tophub.today/l?e=f3a8sqpmR48LZ6z%2FRs9le6hgNY3CH4d2v1cccVmKxW3N9EPkPkbBL%2FU%2F8IHdME3YZuLQlcB%2FE8iRu6HhMu30SkUc%2FnDPlCPKWUN9d6PgrnbEuc77%2BxxNp9mvFWxeO3DzXa1PuCMy8MBZxppvF1p1u0K4WGUsg0jW7V6MBjZBcoi%2FnjiAAhZ7oJa9S33YUNp%2BwFsVWHdEcdXqNWh%2FtvE5Xgg10ml5I9CDXF31wPk26Obx8fCeWpOeL7a8599WIWwG2coRsi3SFRrJ02p8hkdATPq8YkqtTpqZqYA5WmhhUueOQaSL3UrDgnKz
2024-11-29,关晓彤王安宇再现跳舞名场面,综艺 116507,https://tophub.today/l?e=fec3Zb9JCVa9sjllexL5t7PcIcRdAJpi4TRvHevHtN0RMX9ztx4pWIbUpgMyQ4d7kWV6vDbrkvJLmhX2nEXZQRkSS7%2BgjeIsP5ocV3iy3hp1WyzJXH3xuwccs8ddPMV6quP5wG%2B%2BUbX3HgaV5xvbnZigo7qDoqLmEG4O7DhjnzGR0oRKThp4Q7CQj06GL6%2Bmb9TsL%2FBOzamHgj16CGylXbSz7t9jcWIXUjeoHMoctcn%2Bbejl7JjiEOFsO2JD4aTqyWnxTSrVptUCKrGk3y5lc0Smzg9xM%2F1WfD2KOJaynI1OjY5n4rqa%2BkGdn1t0j0STCjxJw0cJFQXdtp3uRHkrV661nlnxoLqZvMrGwKQmQjTV7X%2F%2F8zDRFfFrX%2BLKHta6gy8M4KKH
2024-11-29,妙趣横声一同框就是花式发糖,综艺 139199,https://tophub.today/l?e=ae6f2mhiEIkBZS2gITY8B1V%2F2Z%2FFyn334xwvfxZq4n6rIdVGVqro%2FwCIA%2BRGrn%2F2khbwUK%2FEuLk8f7qj7v5qMh1udTO8r%2B2fsRXhd8A6PfzsY4v%2BJMRAoJdORUeslRzQYYTA%2BBvt1HvOjzcYxSnXVmUwyJTtuoGb2qLorbcIOztwSmo2oj3eGObG2f63rMsQPkCxRQ6X%2BrkcdjA0fNAxx4O03HU8u2dv3IYGVRPJ%2FuTDh%2BVWboOLPLEkFJq23BPPpx0r4gbR6pTK4fqdNTZ%2BlX0HjHJDcN7JkCFcNCqIGxKrabyno%2BVVfoSOvoV28%2FJPwA7Z1f4ydnxLqiRorYsEcRK1D2HROry1tsiBw735XjPey4G20G9JoInpwn0tuP7EgV%2BJ9C%2Bp
2024-11-29,郑思维说国家队的恩情永远放在心里,11.4万,https://tophub.today/l?e=38fc%2FY44B6DqfqPogf4ITFEEAwZngDnH9koXoKhrbL7%2B0G%2Fwou9DfkzJE2RCCxjXcqNGi51yl%2BJ9iJPHsC9DRLP6dAP1FnmkJLYObsPpcXDWN2%2BnNoMvLHEID7pMH%2F%2FIV0LxWr%2BbiQ%2FMcxumhYFC57I0eyOmKjA5cc8E91lb6Uc5%2BABEWqTTP5tOvuhTr%2BnHGwFSSKjbX1r5tuFNl7yVNuwgfoYYFMCORkbXckW8w0F8pM0PnCcpeUllwLwCobnglT%2F%2ByinbZZCqMXx5k%2FscLb55xHBwwC2JVC%2BRyywp6TjSXIZCnhnKVekmDKXe82S38KTgvh8w%2BcqKx4Qghq32TRpuq%2FxvkW4%2BloOFWAxPZ0f%2B5Cw%2BXBldwPxGXFZHX%2BYHBsGLEwgyN%2FPQMo16nHKL0w%2BWRboHOv8wI94KbkEm0O9J7MCTBUnMf7QT5mdQcXPzpmG4
2024-11-29,孟子义死脑快捡漏,12.3万,https://tophub.today/l?e=d551Fhs7XUc0VqJtuJEOAJAChL2BwpfqkTAMYILgPBVkFDe7OM%2ByYzjME3teI11x2NknyrtcXIXIcZU24c8y6hAfru8%2BdLRyGuhKk6k2aKga9CLYrwjtNMWiGXJD%2FjRD6L71BHz8V1aW%2Fs3HAmsD3pQvWIayiT%2BaduzlmNRNHBtY7I7XX4RFGH4%2B57AcNuyOP1cuDiuwNBc7yMGjCyQ%2FB%2FloXCtzFpFnfIZ38VZOjz7LTWKq%2BmRQxNSEG4hRSunJlVCP9oFGhX%2FwX4ZN1I%2FqVD%2FvTlVKVFzOzlNP
2024-11-29,徐志胜 麦琳同款发箍,11.3万,https://tophub.today/l?e=290dly1bAl5Qne1B9kqM4q2xkUczAU9qYUwQxRhqOVoM%2FvaEW7VEgH8DuN7Zk8R6n1pS94InQh0bIdae1JbpsYW2CexnQa6729VCZenOMEQiryJrSGDVqk2oJfW1E6gJYNPT4YJ8AcBU0wHNzeM8i9KxpDEu2zjetAt%2BRdxiVoxV2%2FCQjzvY0holzYizwsoSGKwShMQt7hzeM7CHT35NpLobX3EYYvHsK1yoPjsC4RiSccTVIrnOGSOYdyuiW9u6QFEazJUAFbsb8C6S1snXobeOI%2Bm7TcKKyBjmCx%2FHctksC34NYMTc2saEnBM3
2024-11-29,影院观影过程中屏摄违法吗,293.6万阅读 | @新京报,https://tophub.today/l?e=4e09Y%2B4gOGf2zsj%2BFWFvH7mtc6A68TnFjab2HPfDuIbDeP20qxeQa9C7jXXAOkfKJFuFy%2BhfKx3hswi29VnVvFoQMFPqsp9BrEaod%2BQLSyYyTjC%2BxPw7mv2N4llYavGOJ3G2fEsNs8H9zGQzlbF0uLWFDhRuZryuYDRKlPr439%2FFKIu7pHncGToiO%2BihJs6sTWvsnnZ4r1D2D2uyA4LKYChCOdt3kN2Pn8PeNZ%2BPvWLn34ctizjSZq3pYilkcbA9x0g2NNObzPDWQKjpriitQgtKY1CL8PlX606NItT9mmJWaNBYluI0CB93qLFZLfhIARR57RbJMP6I0IDKn0Fu9wdyOSwU4FjoV8C4swr30YgJlWxhF5cG
2024-11-29,离婚律师每天接触到的都是麦琳李行亮,23.7万,https://tophub.today/l?e=4557z9nFzDlEVoc3SNROLBv0Bj6qPwePOi9RCPq%2BuJ%2BG8GtQ3dr7Cdqhlsjf8nGLnM67Vje4Q3UkMwXNLUiMTRXMTBluX%2FlkKzcVtfKNHa2icsx5WUvHj93EvS26MFz2gKo4pgZmima5GO%2Buaj1y2vXapq6fYkmmvSGduc4Ltpr7R2SNJrr1lTSJI%2B0gxhPTnnW%2FmAYGjB5MHahdUc5TOsFJS8cEqoUl779g08EXwfO0h5YUYM6THm2Y8oR9MZx8PoKtSOsD2z5TfofkHPIdOmHNhRt40aDJPktpwLcUInpXKqS8dywWmSz2Yml%2Bb0Wujpt4cbHN3px14zcsPZeF0OmNzoQlgJnzinUqdKHVwbbWje96kqFQ0WtPjzLZwlcChPI4LqJmhM4O04H3EteTbphCHLp3jotJwRlP7Qnp1HY2rxHQtd2m%2F0%2F6O2P1FxTUvQFAn4YiG6XqHGMQGoMwj%2BTt
2024-11-29,Ador代表希望闵熙珍回归,21.1万,https://tophub.today/l?e=0324MqfE5J4IUvdYrCp3P2rnWa5ruKspxJVjomqMFuBlnfKK%2BK9P0m%2BMqBBfVPIUdlSB4UofzpXFVtod1J%2Fh0I5a%2F61sY0Uay7Gq1aWbBtZLngjQGeOzfxAb2f%2FwUFCAxA%2BbD7Yxrrym%2FHtqnJXgbYxPVw7WCrH2Lh5ZlrpqJEqNlQdNaxEhcAYLA0PkFi%2BAZpnNKWnkSZIgGWAR4HeW9a9OurOo%2Fvic8saFA5Od5Qx%2Fcm%2B%2Fl4gdTB%2F%2F4Ohz8D8lRHTqMMx%2FMRJKfjIwGGt%2F3IqzCjq17VFlAf5mG7%2FwowIFFFJJ0MP3uuRUbIvuLw
2024-11-29,成毅参加尖叫之夜,晚会 172028,https://tophub.today/l?e=0d62MaBXm7zPwF%2BoGucM2TLXNyQUgPVBBOY9EpQdc0q4ayKWKNs%2Ba154Uk0dajtKaRIjkj2ubZz22pc3p4XKKNyGws2UXyUn4Z%2BRuQ518lmhWOM7Lgd0AeOJinMQDlcBdDpe1Zg0QFcVaYpdxOP9EFB%2ByPdbjDtyeYr5jHJ5exUgqyUj2h7FGiXoOFGLgYlSt5oOPgKlwXODcMBC%2BOXdi43HDuQdkKXO2OSqr7nEZRlBpZ6C2c7ccr%2F0cUnVL0CggdhsmDoTGBxNktcA30GzPfhKYB%2BVWwjMeOTl
2024-11-29,李雪琴剧宣有两个男主,综艺 115536,https://tophub.today/l?e=97b4XjTgrL%2FTos1XmfOgIlW18tnJwuyHtF87tGUKFmV6YT%2Fa%2FpOlyVlHSf2hfHYy5GIA10wiLmisPL5pTRfAAbQs0ZNsl4Kre8qba7ykAgowLNqE0mNS7xh14ASXmtImosm%2Fds6AbcwmPNOs8FdcXZzS7wO%2B38BgYyCwLDAjwbJWfIN2v0KmHvvOYKXRwslcAMifJmgTU8D3O3%2Fa8%2B3qPl4UzphJ1u5VRD2V1f%2Fv%2BENmGPHEvNaEtz6pYMCSjuYzX6xm0oJvsIxwCq51pqIbmsYan37utIAkEEJn8xcwlOoLUocGhOuuQmAA6JI40tqBvc7otyuakeQh
2024-11-29,17名男女KTV聚众吸毒被一锅端,75.6万,https://tophub.today/l?e=d6ac5uIp0pmYoYGXH5TdUsrG5u3IJRnWShbCju%2BtcwN6cTeMW4jCn1SZNeEg1mS74v%2BE5bW%2FJlckrJ1D5DN%2Bv3LksJC3ardkZkBkjcjVV7BUb3FW%2FXLdoCrtFCPXtOTXNkwIcGmbSb6%2FigG9xL55q5k0y11lsC1IJBYToTSX%2BoZSVkWbd4WANV0xIDaN9eKZuydQ8lXjabiOFylzMAFBN5aUBeV3hb6oT3dekAbow7vO4r%2F79XN0mezxhQFTZ7NaTKPB%2F4mm6kyGf3UjpgiNaXEdkW11IgGFHkuzgzcSELADywyngIGl7CTeVzqDFFwDCsMjyfQwDEfVy1Lda%2F6U9zw074fRqElRvUNMgZc
2024-11-29,你家的筷子多久没换了,14.3万,https://tophub.today/l?e=1a9cAR93uwKBFFWrHqax2RRWxdM6sUzcjR82rgHkgKhIJj4OomLQYyyaCt6pkbJ%2F%2BYgCPGYIr4o1yrn8N%2FlOqByfYRl82X%2BipB%2FIkClTOCE15oKHYRgJRc%2B%2FG2vvbiAnQuT58sJDrJKDOshHs2%2Fr1hQ0XDZJ5RXVAIIWJjLEutMjkg%2B88kbTaCAqVdWpR8eqrZpPR%2FJh3F4Sz8VdezHw5mAGGZcKcx7uxZVb42btQjtYPanE1EyiBcmbI1PoXJ3xNpRzWzQYaR94S%2BVteJ%2B0D3u2UtpvWRMkYPuRc4CXw8iwaGNJaNglHN2JxIu08OdryE%2F2hlxHiBLT
2024-11-29,普京称或用榛树导弹打击乌决策中心,273.5万阅读 | @CCTV国际时讯,https://tophub.today/l?e=61b99kiO2R7uqGi2E7ZogaQ%2B4i6j1Kk4qNwOKXyCQ2WGIAM%2BgWiBKyn9VrzFz0nUU2SaifbNJpNdnCO9sLAL6F1JHm6sdvXuy7VlRwlXDLxfaRT6I7U66E0ge6lgwerL37vasjSCfrQIShmAyX1wQ%2FAABTqC9Kb0Ls3NE4rXnErka2bu9Ue76vUfxdQuCKYCkdwlUcl5P0MgfM9LUER7QR8PodRepE45cHXlR0eB7D9dZ5p3cIuxdsFRNCHyh2fx7FtgewXhr7hVj2Go%2FSoP38xjBWjWrnRrsuY61SbnlM7cTxVYwwVN1dcjy6e%2B0EYxv2b2YZnKGlZeGvFY9swhIGM0WL0mOTguOYAeobwyv3shtiubFk2MkFd4EhJUThmeaXNu2NKItli97P0HK5MpKsfbueHIjF5kMUeHAw3%2Fwe%2B6HpFv3pswHdoviGstBcuGlrL8
2024-11-29,专家称野猪已是危害最大的野生动物,337.3万阅读 | @红星新闻,https://tophub.today/l?e=45feFwM%2BxtbsOLiF39b597tWT7vsnVzU03p1xBzCmit%2BtoqvsG4eubXGkGHjAnyqjXnp2qF96DzfRh4ojzGNhL23FphI%2BHhgMewmw2oBVp2QXGDrb6VRXHlbaLDJsXB%2FGK15mcVHwB2t2iLEwmEvbyFfTSM%2BVgRrTPW3BcMnpOhxWrsdQh0KshzMAEhNYWbaukCEHOjtQcJZ6vEhsvYuHpl15HMT0j4PE5szgCVGca2X9hHCYROSNZPDxENyC7Qa8vZwZUtHfQTApnyz8pZCcH42aQpu6H0eQfPUu95Z1vsKab0uyeGLvWmXvkx4Cm7G2rJ4Jq%2BeAdj3jsueM5iQFCyV6MxEH%2FTMkizqYnvWOBHlDYc0BBzP1N%2FH5K0%2BbL5JtThIlHJnP5eQeAT72%2BC4rgWo1trANYoTa1PLOWspkCKmmiwoe7NRetxggQQbd5ooh779
2024-11-29,王海质疑李行亮麦琳争议为剧本,18.1万,https://tophub.today/l?e=c98euBODfg4ayT05Lsmu5HtobORIms4M6lWLO9iUFA9bUnlKO6WIOvkC1gEBdYHyqwLEyKaCw6UU1HDAiCxQwiXb4aqWd0KUEAKoqsErzGJPahk%2BSjD%2B7pha92ujVM1g6B9xI3SQsGvyKVmonfb9EOnVnpwY2%2FmK0IGyCQlh6Jj8C5xMa2IF6qral2iHJYLPUIZhx6eHdxu9i29UcZSHBQ3e7iQuUhKTSibrZwUtmH3cDGfFL33SxH1Dqoa6I7%2BakJbIHQew%2B3mfUfWy%2FXbv%2FoC3H7o%2BaowI%2F4SygeO6hoSfci1k5lMdJ3Wt%2FFX57UVwiW0giDY8sJySYUd2sx5JvT48LdmNbeb%2FVc3h2HxZfrJNrW2S%2Fz8g1TugbbYSQr7XqKZEO8tJEmsGI3oMST7B5u7HS6Oi
2024-11-29,腾讯黑色沙漠手游停运,13.7万,https://tophub.today/l?e=da5db3BUe6ptycZBv8McVruGa69Zyglezdvm4HEe4R8g05rAqR3Mwc%2F2M1%2FPwssE9bL%2FptQfYTw8J6tj0%2B8sz3M9Xl5eri4GceUrh%2FJyXa%2F%2FoUm%2FdqAV3kpE9fqos1Fp8f5lBhnUHugPRSqsrhiflBgGBFsG%2FzSoFF7TTa4e5K%2BXQNLrFoTOgp%2BgoO5qSl24PG8H0F0pXSUCuqOW8NU88nWwOvy%2Fag3xl99oE24bAkOKrjpta1ber3SBU9nWcA%2BXPi55mz92aNJ84YmEFxcI8WjXOH%2BUfbWIZ8jwrjBLbPbxLQy8crBwookS9XoMdfTYJRPsrnNq2qss
2024-11-29,老瓦杯海报马龙C位,21.3万,https://tophub.today/l?e=9adf01kTBW%2FWQ6%2Bu9kFFV6%2F2%2BOqb7JQ3z2t0MWRXQowdmC4gjFeLKyWp1hujdaFsp4ED55ciNI3tFa%2B4LT4imEqeswD7uGCEiLr1%2FQlHMM2%2BeVbWcVLA2PHI%2BhZ%2BYtoAZXcSm5AK%2FdVz5xyG%2FNDhpW6I2YyyZYxzK3Z0RvMzqpPzqri9tPKTmDk0xp4h1uM3Dr4zZd2aq60A0UPrSjAUHpb9K1zSsaaNp3jSFY2eX%2FiGzw2Dym6dfRx4V9DXxwRr9Fn3moXBrH%2Bk25z1D4oVInoEIHp%2F7EinoZBeTw
2024-11-29,贺峻霖一路繁花录制上班,综艺 114417,https://tophub.today/l?e=1256v9ueMGPmeLs9HBBAzSHIiDS1mrnH07pOmD0gQSh8D8nDLRd0EinffJvO5bCTaEwU%2BE8%2Fia9URKUP5EpAbOsStpzdA62XItjeX8vYIeVPk1RX3k2b7Kmth0MJNAU7FH89EaixzQDhRxmo3v%2FwLIrY0ChGNsSaG3T0b9q%2FQ66UPWuX4934pTGIdzH9OeqdpmizJMNPV0N1FYZdk4UK5Pq%2BKS2t8x0Ub8yp%2F4zd1T1BpAjMsNuS9%2B2sVdwOGYzxfLYV2Gg1Va0M1jNovQ0SbJ9I0IBZ2hi4z3TnbMMxNyoy1ktjOI%2BAebZ4V5YasbG%2BDYcmrTbAcqr3CG30xDAKzCBK%2FxCCzW%2FY
2024-11-29,丁禹兮海岛副本今日上线,剧集 91098,https://tophub.today/l?e=d99ehvZef%2BpOKOj8QoDayDw4%2BZX2jUVKvcAldeKUXbXp1xKKBPy%2FHzTus41hfQjdRE7mKdQBTGoxjqHZ9xl3yPVul%2F4U3kBqHHlwGfV0YpqbJJ8dMN5lBJFweFnFSBf1RWrDFJl%2F1%2BLUnNBAuR%2F0uNunXqvw2JTuLJS86acHeIijsasfWyw6S3n6aXQalNocJKcbl0Y%2F4yCIgkPt%2FQ8YE7rBLgCj2eGHS4mF%2FfWX%2FvkAH3NbXZm0ucCeOtY9E1B8mb8Vn3Tsac1eWcuaKBFnR5bwTbvV4IOgX0Fv1GBX1gFtEQJgbZDFQ7SVFkFdFEKTN2D0nOJ4EAwsJ35QLpBwPXjJJzFmVO%2FZ
2024-11-29,张雨霏跳新疆舞表演经典扭脖子动作,8.7万,https://tophub.today/l?e=1ab4CyDzOF%2B9tvasZ7Z4G3QUjBISf18xOhsRUrGCuPspEgBN9SZ8zyko64X29Mh6CWzAJpO%2Ft8eRWswyPPafM13LsfnrcwhNol99Bf6Rxr1Jc4GGc%2BYjM15uxr3o57iOsulolRYcdhcNctDFaQacs%2Fj6ynZTMrEHxE1X3hb6MB8eDZrB9c2ivKHtsufy8wVDHeR8LKIDsQta3FdsJcmidumbURSWruG2zMc42zW2NCPTXvXyKAZwtjGHXobQqvKlZiLcXcpSxWRgcjx1L55mtNa1c6I2OiqNJ%2B%2FqdhfjO3GMtQ08x1gtvSwXojs66l9iuydIm7JMdqurV9%2Fa%2BrjvKeCCLIPqEVoKmPU%2FvC0X%2FSyNGaBaMfwiAWtG%2BqvwRfsxEYb%2BuKhDEePKNPOSvvJdu8KexOtaEdmdEEMZWFEFN5HIalEuW%2F56HztaVhNo%2BV0wJ7p0
2024-11-29,张杰唐嫣荧幕合作,18.5万,https://tophub.today/l?e=2fb5BTz5IM5mEIbIZJw6GC1tvMHL8UiPjP%2FegCVvd%2F%2FavDePMQRi3MlqkKjbi505Rs%2Ffk%2FUuuxvQaqbRXZCJkwWPYp9itz04K3MY2U%2Bs7fyiaWeqqwE2RE%2FSoDPXXDh7TXAzRuGPVWqN4VAZsHOyKuLuGpd4SCw2OyfGngkla6324czk7gWl7YnXnnEv7u6Vv9JoxYSF7fHw%2FHjLUMSHKY7NpLZSyWhRFrWF6dPdmHkxe5v4JseEGhTTNt8zcN6974ZKvmXUWcRRy4jl0TeziRN%2FEk6EApJQw5j4
2024-11-29,LWX说诺夏太菜了,20.9万,https://tophub.today/l?e=a306JIzxy8d1cTIj7%2Fhi4ihX7xVwQxh%2FXSCdtRShVSuu2ZJoCt7Wix1abDYW5gdJ2vrCdmtYD4SrUo43C84EIOjTfaBXnzCE4j5%2BHAKx6LEAQPiYVyuqX9PDoUuFs5kBycTUB1iiJf1KPspfsxWd%2Buj6hwYehqc%2FdXlCU4oK1huLPyfUX5wwVElJKMxtfXYrcNuUXVq6rCqmJSwsd%2Byl0iyYcmmVVG0B2ic27rtnosMgJR%2FUyNOSsshHjDRHbccs
2024-11-29,这样的新疆棉花我支持,688.9万阅读 | @热度新闻,https://tophub.today/l?e=9715p%2FY%2Ft3p55%2BzYCuMlnGaKkTjDvVjEsDnGhl3kpb9maNid9JxbA6e1LLfZhUTiMnrDViR0KnYU5CdVt3KiM%2FBFpmmyveJtJCkjw1mowEss08eiTT4PIiyDwLKEQOKBg5cc%2Bk9kJ489YOo7Xs%2F5jCGnvwmkBJf5wudPVQRUpQnQ5PSO%2B%2BTZhKuCeRUPj5AOqM%2FWzi3pmUYQbN370AooXUrP70I2yUQxyLLjciUpBf%2FQFFbuV2Llni3HZpwdtmZO5oD%2Fyzv0cRoqe3B15JsRsW6XHid0jf%2FLl7eYyFilfYC7ubDsolw%2FU0F2j1ZO1%2F75tgpkXJxK8ouX
2024-11-29,奔跑吧揭秘穿越千年的东巴纸,剧集 151335,https://tophub.today/l?e=4006Y%2BqV2jrl3TWmXqHU1xvvziCHS%2Fh7axgkvokv%2BxL69Cc1xFj83BueKK3KoU3H3vV5kDXNpOvNdktHFvGx1DrZqxgRhycKSABFhO2rC3mBg7zI4HH%2F5at7gHSlKUx5%2BxIflaw2bdX9yB5EqF60dxHHheCn96sZJa80NprLuaWR0AkKmhA%2FcppZbIotlsSBoI5G%2B7VtWhL04JsBf%2BkxfZx8zcAJiPTNMVK%2BY7BQHIOucwF1BinlOIRkPNaSt4RKSu3tm0%2BgCe2fWqmVAcmPKewwZWVN3E57D2nB2gXlsRPbkkzU%2B2Ze9xIjJ8Bg1OGJJQ2FXxldgjW9%2F4jykMQifEiO0ftULF0ngTWOTslu26d2D7hS2KsEWBIxhrIVrZfC93LBMlok
2024-11-29,我们内娱有自己的李准基,综艺 241310,https://tophub.today/l?e=91f5LHvuNc3VPrLvSIsa8IFXqLEw9OdeLcxiw7nU%2FfFPv3IaFviplTXv8z%2BDZiYdaMq0e8iHtN29TPqpLmsmCQh7k3K01diWa0%2FXDrGU5PJtC2tqdlZP9ibn%2BeBWmUe4OD3lOSFNlbdG07q3EZ5zrbxrIbnvSjGbT%2FdXKsr0fVNBX%2FsVf%2Bmwu%2FjvLxnV0l99qahc3MgRMR%2BNLcTFGEy5HcB8vXfw16gxc4hL3USb1RwrNn9kgAFQawaJzS1TkV3mlreAY4S45U5qTJtFZc8%2F4JIPs7QI43ukKFwwOWPYlakDJ07T0thmNBvKjuWL3LBrkmiaj%2Bzea%2BdDYDKfgBxq8bMBwPiwx9I9
2024-11-29,辅警因为一次好奇9年后救了一条命,42.4万,https://tophub.today/l?e=5f42SUXck0Um%2BASUOffgfe7JyuPYGtMORWqzLiaBPYO%2FSHsSbWDenBWb1f56tazDT0RktvkpmxCwzNJM3aWfc4wVPnTCxp%2FUX%2FZW3gWJ3YLd3koWipUPCLKNKyUPmBXJ5%2FxZsG1xvQXuYX8xxW6czKJTfuCFup40NqYPQJw18sqXDQYWm6rV9WFGTQKJJlrICN%2BHdtyi%2F2UmUZ2UqAElrvW1BFr3sh00PEgrxkBEDcCQ6umKmHm%2BMJXfiIurZc26IXDuDQkPLgoX9kwnVI0FhV9ggbng5GJPNeYvA69Kfchjdhv6RJgPRqGY81xvbD1vtdbdeiAp2eRVxrLvwNThGol5aWkYLrWrrAVZ1r146o7bcbsljoXmaQyBeYVnE3BRVHHbGv64P%2FZCchL0kkFJghhdBnhbHBgKL7nvGkTnrB8D7t3B6A
2024-11-29,张小斐佟大为新剧 再见气人,12.6万,https://tophub.today/l?e=c8dcsXn2W2eh%2FqD%2B%2FHwNujFZIdUB0V4FH9eKopwjI%2BEO0lpm9cFXElsrGorOsXRZOAVbr8qnHWrodL9UDtqjj0C5BdAgKzRg%2FMWao7rP9ZDqiNSewItLy0e9nj7K4LX4HfsMJ%2FcU89rBVpMwKNWMN4%2B8niPfR4eg%2BU4pME8l28KwZiuNlRgTg%2FjxH7tiTAgRk%2F%2FV1d0JJxTNKbeIKYWa9hNzZf1u74Jh5h1NcQ4tPpvnW5Q5Y8HM2%2FNwDMNN05EMFvLHy8e6ExDglcz1lKrAPeXF4CR%2F6yDTRHXxuFPhl99ZfUoGJnFqkjRLBL7EmaLWd6geU8x2wpGN2jeUTU4as7u%2BbS9vs2gpsbu2M8NGhNhrA1g1UK2iTenV
2024-11-29,网易辟谣网传深圳公司全部裁员,286.1万阅读 | @澎湃新闻,https://tophub.today/l?e=d2b1Z2pBge87xITTsWlcPh3jDdszRhB6%2F4nqdmgAjnlFh0AJir7ftIXZoAQBMxBCqmJLj3f7GsFBdTcnXyZZBmiuG15IJmSfyNDV7Mzwey5M1sR83ThsXw1Mr9zRLOWuARLZeCUcDmqbxfh8EUnX%2BnHyAgaxf2DWTF3jlv1ZfwVdR6ACBd5p%2Fyh467KatNTs4ZIN3rKL8cLGMfcrlmBNd2j%2B2UpAFZrokTQjj3yKN5I8ZfJHB49l%2F7CnmBBcJTcCLa7EDsH3XNYFWenIFJLgR0saqYvkqAmZtsazABBatgox9pzV%2FjNMlASPGMnmmmXv3pyi8MHVt8HjnM78FIcZV3V9EopF8knqO5F3fL85VVD%2BXdTYEejkFheApy%2BIfUvcFtriHq2QtEVhcip75FMpdYJlDUlz
2024-11-29,南京晚高峰地铁隧道现野猪,383.8万阅读 | @极目新闻,https://tophub.today/l?e=fd43bLkCD5CCszyrJmpffXXhKwkEam%2BcgktSM6oAsvk6xQZieVOY59edDdKqPH6n6jgqZTqTVL4821%2BXQwOZLRR0rg3iLrPFYNl0sa62FtibYKIDuDxmf7vlXS3oVIWVlBtPA5ocl1%2FFKPUTyuV9b1fhT%2BPlVkiVVNJ6PAmVJxCwRE8zZ7KFGGCyirRtYU6%2B6HlsG25jPS4NNqUHmhls0HEauFgibaRVW7wR4Gcr9B507NQ7O09ZrmyAmD2lJ1jdDaR6wHPKr5tsqyzWaxjBpgKRuJVFzzCQ%2FHiHwHI%2B3%2BPoPzm%2FV5LT4n35%2FFPjrkCe60VZFhxGiNYbp%2FJll%2BxwVrsCh%2BI5RIEjegat1YysC4L0AATk8cM3
2024-11-29,南京地铁回应晚高峰地铁隧道现野猪,423.0万阅读 | @极目新闻,https://tophub.today/l?e=d3dbt1Aw%2FbJ0ElWynvfUI25LFaUM6jq%2B5zoJqLybtGqBiG9YRM2UmZgD9LvKV%2BQ770N5ztpR0nap8roAWDsw%2BKmadqy2ucZqoLpOdT92wGpOj%2BNkyn%2FmT%2B3ifdUXkZuznhhBCFVG7EwWH4vFH56rIDrxXC75r6ZgJP%2FziFe9tNEykdwBRiiKQ8%2FMfQo2EUwiEdrtrvDMpaO5BhJwvtYn0QKsoAAKaIP%2BvyP7judhoALPxnC95PyZPYUWnrdD%2Fw5bP0GT%2FtugBotiirCNHVyu4nqJpXzkCNme0hEKky923bc1TovyDdTrEb96cAAENqESvG9eUfzvdu5BqdPuF85KdXgo41QODY8eNN4ig7k2uwGNik%2FsFXVJWKV%2Fsofjn7N%2Bycj9lxuvThVzTBXsdXuAwAYCIx5BrY0D25iIhNgh3ZaTdKlQcURCC6ScRvu3YKhCIT59
2024-11-29,留几手和节目组摄影师吵起来了,综艺 187615,https://tophub.today/l?e=c635BZHQEfi6cGFVHOFKsWI%2FkXqB2dvRr0a2Ez3MDRhSD7HhNrYLUMrOb2xMHiEisagjaDKmNRe3UbK%2Bb90xum9A8TurtVMIoxiqKlqv9hKaUDShARIFDeT4mq9rXsSkCTPZ4QdPVdsCAdyuP3zxorE9doCDjgub3L%2BzCOKULMquM2pbVfrdYkJKpP0s8fmzTQe%2Bl%2F6yZfQftfREt%2FWy2s31IBqrxUsjzhZtPA7uX66iaNb2BR7JoBE7wT9N0uJhGxkXIf4%2Fy6bYZG2lyZBFFvvAl8MdpHs2nwZsVT%2FCyXQPCbNkrI4rOKcrKXN7%2F1xMiIvKWA0Up8L6NE6aSfoLcG00agDeH5ooOu%2FgdEWSRj5FZe5a19lbuIIrsLvHj%2BfJ9JC5iQBjXCDY%2BixqRhfEUwf2s%2F3G
2024-11-29,老人吃腌萝卜后中毒整个人紫了,18.9万,https://tophub.today/l?e=eec4YCMv5lPR20p1X9EhIVA%2BVmEW6Xg0UbNsjxm2puPS8%2BDmiEOT4NpmWHMNbchfOlZNZNZPl6OB9nik%2Bb0nUSypbP17qbEAQUiHuKjnPk7Ky1GtJAdHnPS6yezoQ1g8lQr3Qx7kbGttVJlegonBaVdA1WXPGfAh3JiO1us%2Bdt3psxiO01YMAGvfRQuNUbauFnIGYeHo4o%2BT082TVjfnXLuMnQd4DFLFdsUDwx6okLrCyiJwtnUq4MnnEau%2BVMt%2B623%2BjxNdaYm45Oo6ayFW4bk2UOKmQmyFEU5ZSOcJCy7k3M%2F7vniJPLky3qlFQyyPW4VHd%2BTNvZfMkZzVPv%2BKqnPdLXpf7qrLiH%2FV5MpIh7MaEif72MeFVn%2B6ZMFhjEKKnhNvsW%2Bh35J2u28%2BZO6mU2VXvAhp
2024-11-29,丁禹兮 我真的没有在晚上背梗,12.2万,https://tophub.today/l?e=174eZ4SKN3EVXMqcBDEaC2XkWnn6x4dMyMhqlJ1NaoNHCAqXNnp%2BiVlUTrZbNyhVWwdMyHDEO76BfTmN7x10EIpib9chEiiajacYLQuw5OCPLKyxkHOTb7vH1GZV1GYKaw7imDSt0kKYgSzeVrVtT2KdqY7zo7c1oHp7K5GQdSUSB%2F8dokR1zQOwI0Y54100lmxjzpUvKcemudqZL73P95XtjkEHchgakZSq871mP4Tx4aa888%2BkaJ66AyDOiJe%2BbzGlT0zUSaQsjoLkjKCJpEuT0ccn8A%2F4pLSsRVY6W7x4JfywLpL1lY0Zg7%2FpioZxMjDFqJ6Y%2FVDkCuVoqGKL%2B6wv38tPCeIQBpQrVZnjd4WbncMeBu%2BX4wwbtd6JN9%2Bd3fHRIhZCvnTS
2024-11-29,破地狱定档,电影 108850,https://tophub.today/l?e=4ee1DEnpJXKSRuGW7qd8RIU4RAxbq5l06api6uYtC%2FgsAkA59Spi1IwJJFslieL8Qt7Iz%2FyNowpYIrGJ87vv8owdNmf%2B3BoPE%2FZ8%2FUkkmu0js6N03RnMvNRkU5ezuECy0%2Fz3JNYISlESwrOKAG%2BomJx%2BEw5%2BLTwEgQFnpfujS4mTSkK6W2CY%2BnivyBy0pWJ%2FmoaNQMo4JaSKSs3jHaUTWIW8PGQD4fyIgLmlsldB
2024-11-29,Ning王队战胜Icon队,17.1万,https://tophub.today/l?e=eb9f6OBRHvMqYQUdTSy17ELAjjkWb0ozLMh9n188N%2BPRbArMfqFpGJaIg3Swa6RxvkZBl6%2F5SNy4lcvFAxw0K7yTXNzXwIVtSSTA3a4kfNcI1wlLFFJCvFzTDGVYQsn5c%2FMoQQsxWZ8l7ZmzePq1GcaQriUHiuiDeT8UAvADxFrs9UAGPbrOflqICxKNOb2%2Byba1T05d16xZ3Rqd5BDVJm%2F1M1O1%2FQzB%2Bz262ol12twHgC4Lnm4
2024-11-29,幻视奥运冠军幼儿园午睡时候,16.6万,https://tophub.today/l?e=4a84V8Fdl%2FGyBCKxnV%2BhvI6lYKlPv70getlle8Qv0kbhPvVH8uYMUx90oKBsqdV5lmGNAUFAj9bLJXxgQv0HfpgxxtCSMnkupQa9BgRFCKwLqTNZfDWJM0fmycGqvmn88IzoGDBK%2FPjIX4i55vkrU4nkDC%2BFul4XSub9RMchS1%2FU9eznYomb%2BO66B4ihCK%2B7OXfOkMtERMDxGutHYhQbJA%2BZ0EUmQzoX51b%2FiDkokWOu%2F%2FTEo%2FGjGPCAKw4uHNtpMA6n1mG4nB3cUqgVye3r%2F%2BXFNPeHw6kosl6VzR%2BQjc3x62Ca9bBXNVI%2FCUWEvKynETcryXMmHz62LTs1EJn9d%2FGtXGW3oNSHYyc3qGU7Gz7UkMiX4qvAfup6xB8n%2FW75MhteD1%2Bt
2024-11-29,声生不息全员合唱好歌献给你,综艺 124385,https://tophub.today/l?e=743by8WV3APjeilL8CUt4wQcnujrtsKn3Dy5v%2FMao%2FW5Q%2B0jDBkugO3vTuPCAa6zCe8Ld6jUINcJkxbbVTvksoQp7m%2FvxcrV6glG28oONMEoPT82fpUwR%2FoBo%2F1bnTxHQbGvDBMhUI8BxpE4NoqUdXiz5v0Q1LYFVHL8fKzMfPiJRfD4sPWCW7MmQqhS5wfcDv7FbuY3h8Fi36Z02zGJcxUXwb0cl%2FFUTmxsgbbvlbwhCIi6RiwMAkOG2Qs9ilft8nhq4uLSZzsfSSEQk0Ku95XgnfxqFhX8rGj17JI356BkxAMljPnu6Q9lNwDbkiG91FFMU8wulC99GPcD6cGxM5KgaAMVlg4%2FTYrLM3e4WZyDPatbRtjGtjFj6Q%2BBZBLP2xBZYI4o
2024-11-29,胖东来调改永辉超市25天改了啥,25.0万,https://tophub.today/l?e=7657A2WGIz35X0KZ5z%2Bk60z1ZNZfeMQ1Zcj7d3hUHjlx2kCOIrbBCA3U5YQZolhR3jnskb85b3h6xZtsyV4wu1ca52zPsIdLPSvd8CHs%2FVD47rGftF2WiEwQiMBkDz0sUHhbXJTDs5eP81X4%2B%2BkfsfsE1DRccrIxxia5zZo3UD7QUBoHIF%2BTbGsPIReA9bcGGRhyW31eub0BcS5ajCzOUJwNWjQoFID%2FXZLsOzKBgaImuHmyw0FDdiv5qch65fglYAxuoMSfNukelkOazaebdXxnnkOKzkYngIPB9SbnEkxQKR1pmB23boYmzLHjzB2jYne0Kutfp6VJIE4HsZTkqn82H%2FWfAcdkfB5Y6u6SngG2bZ4lUnUs7lh%2BLQDRpkwum%2BKcTMYwRTc